activity_id,timestamp,customer_id,session_id,product_id,store_id,region,activity_type,device_type,duration_seconds
CA00001,2026-10-01 17:46:06,C0115,SES00044,P1020,S008,East,SEARCH,Desktop,620
CA00002,2026-10-01 20:20:42,C0037,SES00169,P1019,S003,East,LOGIN,Desktop,176
CA00003,2026-10-01 19:45:05,C0088,SES00018,P1015,S010,Central,SEARCH,Desktop,399
CA00004,2026-10-01 12:41:01,C0034,SES00134,P1004,S001,North,LOGIN,Tablet,434
CA00005,2026-10-01 12:13:47,C0039,SES00122,P1020,S002,South,LOGIN,Tablet,44
CA00006,2026-10-01 10:41:47,C0137,SES00124,P1017,S002,South,SEARCH,Tablet,557
CA00007,2026-10-01 16:51:18,C0001,SES00134,P1025,S011,North,CHECKOUT,Desktop,900
CA00008,2026-10-01 16:48:32,C0012,SES00059,P1023,S009,West,CHECKOUT,Desktop,363
CA00009,2026-10-01 11:26:14,C0148,SES00066,P1004,S007,South,CHECKOUT,Mobile,884
CA00010,2026-10-01 18:53:53,C0022,SES00105,P1010,S010,Central,ADD_TO_CART,Mobile,10
CA00011,2026-10-01 11:08:42,C0002,SES00134,P1019,S009,West,PRODUCT_VIEW,Desktop,675
CA00012,2026-10-01 16:26:34,C0053,SES00093,P1023,S006,North,PRODUCT_VIEW,Mobile,441
CA00013,2026-10-01 18:45:34,C0150,SES00109,P1009,S005,Central,LOGIN,Desktop,631
CA00014,2026-10-01 12:42:29,C0071,SES00106,P1022,S007,South,LOGIN,Tablet,499
CA00015,2026-10-01 19:06:06,C0046,SES00124,P1012,S009,West,ADD_TO_CART,Desktop,596
CA00016,2026-10-01 16:14:51,C0089,SES00189,P1025,S012,South,SEARCH,Tablet,126
CA00017,2026-10-01 11:56:43,C0059,SES00026,P1015,S012,South,SEARCH,Tablet,415
CA00018,2026-10-01 09:56:51,C0087,SES00042,P1018,S010,Central,CHECKOUT,Tablet,10
CA00019,2026-10-01 19:55:37,C0024,SES00112,P1005,S008,East,PRODUCT_VIEW,Mobile,274
CA00020,2026-10-01 20:05:13,C0057,SES00010,P1012,S002,South,CHECKOUT,Desktop,633
CA00021,2026-10-01 19:52:35,C0134,SES00015,P1010,S012,South,SEARCH,Tablet,511
CA00022,2026-10-01 18:25:57,C0113,SES00074,P1001,S004,West,SEARCH,Mobile,807
CA00023,2026-10-01 13:13:02,C0131,SES00158,P1017,S012,South,SEARCH,Tablet,41
CA00024,2026-10-01 09:00:18,C0093,SES00041,P1008,S011,North,PRODUCT_VIEW,Desktop,803
CA00025,2026-10-01 16:11:36,C0103,SES00104,P1012,S011,North,LOGIN,Mobile,535
CA00026,2026-10-01 10:14:56,C0004,SES00024,P1024,S012,South,LOGIN,Desktop,748
CA00027,2026-10-01 15:19:32,C0144,SES00209,P1019,S006,North,ADD_TO_CART,Mobile,625
CA00028,2026-10-01 19:27:57,C0050,SES00002,P1015,S007,South,ADD_TO_CART,Mobile,421
CA00029,2026-10-01 10:19:03,C0130,SES00129,P1004,S009,West,ADD_TO_CART,Desktop,124
CA00030,2026-10-01 19:27:56,C0132,SES00065,P1009,S009,West,CHECKOUT,Desktop,581
CA00031,2026-10-01 15:11:00,C0124,SES00199,P1025,S004,West,CHECKOUT,Tablet,476
CA00032,2026-10-01 13:41:36,C0008,SES00018,P1016,S002,South,CHECKOUT,Tablet,812
CA00033,2026-10-01 13:11:08,C0057,SES00205,P1022,S012,South,ADD_TO_CART,Desktop,366
CA00034,2026-10-01 13:47:38,C0133,SES00064,P1018,S001,North,ADD_TO_CART,Mobile,413
CA00035,2026-10-01 12:14:57,C0088,SES00122,P1003,S009,West,ADD_TO_CART,Desktop,228
CA00036,2026-10-01 12:27:42,C0147,SES00128,P1009,S003,East,SEARCH,Mobile,758
CA00037,2026-10-01 13:10:21,C0062,SES00052,P1009,S004,West,SEARCH,Tablet,369
CA00038,2026-10-01 11:10:56,C0040,SES00021,P1025,S002,South,CHECKOUT,Tablet,11
CA00039,2026-10-01 15:45:26,C0139,SES00159,P1002,S008,East,ADD_TO_CART,Desktop,593
CA00040,2026-10-01 18:18:17,C0071,SES00072,P1016,S003,East,CHECKOUT,Mobile,773
CA00041,2026-10-01 18:34:14,C0148,SES00205,P1005,S001,North,CHECKOUT,Desktop,558
CA00042,2026-10-01 16:10:02,C0009,SES00176,P1017,S006,North,SEARCH,Desktop,128
CA00043,2026-10-01 09:09:11,C0133,SES00004,P1015,S006,North,SEARCH,Desktop,599
CA00044,2026-10-01 20:09:19,C0026,SES00067,P1011,S006,North,SEARCH,Tablet,274
CA00045,2026-10-01 20:09:39,C0061,SES00088,P1009,S008,East,ADD_TO_CART,Mobile,515
CA00046,2026-10-01 15:46:39,C0109,SES00094,P1007,S007,South,CHECKOUT,Desktop,466
CA00047,2026-10-01 19:29:01,C0047,SES00176,P1019,S003,East,SEARCH,Mobile,743
CA00048,2026-10-01 16:52:05,C0070,SES00220,P1008,S009,West,CHECKOUT,Mobile,154
CA00049,2026-10-01 12:12:54,C0039,SES00108,P1016,S001,North,CHECKOUT,Mobile,874
CA00050,2026-10-01 14:44:51,C0133,SES00202,P1018,S012,South,CHECKOUT,Desktop,261
CA00051,2026-10-01 16:15:09,C0144,SES00026,P1019,S001,North,SEARCH,Mobile,225
CA00052,2026-10-01 10:45:11,C0066,SES00116,P1016,S011,North,ADD_TO_CART,Desktop,374
CA00053,2026-10-01 13:41:29,C0093,SES00089,P1018,S009,West,PRODUCT_VIEW,Desktop,129
CA00054,2026-10-01 12:37:18,C0090,SES00148,P1022,S010,Central,LOGIN,Tablet,669
CA00055,2026-10-01 15:27:52,C0138,SES00084,P1006,S005,Central,LOGIN,Desktop,798
CA00056,2026-10-01 20:10:17,C0115,SES00074,P1003,S007,South,CHECKOUT,Tablet,153
CA00057,2026-10-01 16:40:44,C0043,SES00162,P1021,S006,North,LOGIN,Tablet,419
CA00058,2026-10-01 15:15:19,C0019,SES00059,P1003,S003,East,ADD_TO_CART,Desktop,673
CA00059,2026-10-01 20:01:14,C0075,SES00166,P1023,S005,Central,CHECKOUT,Desktop,460
CA00060,2026-10-01 18:29:00,C0093,SES00116,P1024,S010,Central,CHECKOUT,Mobile,193
CA00061,2026-10-01 13:16:16,C0006,SES00170,P1005,S012,South,ADD_TO_CART,Tablet,722
CA00062,2026-10-01 16:13:40,C0021,SES00027,P1007,S003,East,PRODUCT_VIEW,Mobile,489
CA00063,2026-10-01 16:13:38,C0141,SES00135,P1002,S001,North,PRODUCT_VIEW,Mobile,273
CA00064,2026-10-01 16:05:48,C0040,SES00080,P1003,S011,North,SEARCH,Mobile,760
CA00065,2026-10-01 11:18:04,C0073,SES00034,P1015,S011,North,LOGIN,Mobile,34
CA00066,2026-10-01 14:55:12,C0009,SES00122,P1022,S006,North,CHECKOUT,Tablet,283
CA00067,2026-10-01 18:49:02,C0141,SES00046,P1015,S003,East,LOGIN,Tablet,472
CA00068,2026-10-01 20:38:49,C0145,SES00164,P1014,S009,West,LOGIN,Desktop,360
CA00069,2026-10-01 10:37:49,C0124,SES00114,P1018,S004,West,ADD_TO_CART,Desktop,427
CA00070,2026-10-01 09:11:31,C0067,SES00001,P1005,S005,Central,LOGIN,Mobile,357
CA00071,2026-10-01 09:09:05,C0074,SES00177,P1016,S009,West,CHECKOUT,Desktop,311
CA00072,2026-10-01 14:19:56,C0003,SES00153,P1025,S007,South,SEARCH,Mobile,566
CA00073,2026-10-01 19:12:16,C0096,SES00112,P1007,S007,South,CHECKOUT,Mobile,172
CA00074,2026-10-01 13:47:14,C0100,SES00021,P1013,S004,West,CHECKOUT,Tablet,250
CA00075,2026-10-01 13:56:56,C0133,SES00073,P1025,S010,Central,LOGIN,Desktop,427
CA00076,2026-10-01 11:29:13,C0049,SES00075,P1003,S003,East,PRODUCT_VIEW,Tablet,471
CA00077,2026-10-01 20:20:12,C0116,SES00126,P1009,S012,South,SEARCH,Desktop,24
CA00078,2026-10-01 09:24:10,C0039,SES00048,P1002,S009,West,PRODUCT_VIEW,Desktop,280
CA00079,2026-10-01 09:08:57,C0033,SES00060,P1023,S008,East,PRODUCT_VIEW,Mobile,20
CA00080,2026-10-01 16:39:01,C0127,SES00080,P1007,S006,North,CHECKOUT,Desktop,479
CA00081,2026-10-01 11:39:34,C0009,SES00015,P1011,S002,South,ADD_TO_CART,Desktop,78
CA00082,2026-10-01 12:29:55,C0140,SES00216,P1016,S003,East,ADD_TO_CART,Desktop,853
CA00083,2026-10-01 13:31:55,C0004,SES00099,P1004,S012,South,CHECKOUT,Mobile,760
CA00084,2026-10-01 10:42:37,C0009,SES00134,P1007,S008,East,SEARCH,Desktop,403
CA00085,2026-10-01 20:27:12,C0080,SES00187,P1011,S003,East,PRODUCT_VIEW,Tablet,567
CA00086,2026-10-01 17:45:37,C0134,SES00164,P1004,S005,Central,ADD_TO_CART,Mobile,374
CA00087,2026-10-01 11:03:20,C0014,SES00061,P1022,S004,West,CHECKOUT,Desktop,20
CA00088,2026-10-01 11:10:41,C0043,SES00102,P1009,S010,Central,SEARCH,Mobile,48
CA00089,2026-10-01 19:51:13,C0149,SES00040,P1023,S008,East,ADD_TO_CART,Mobile,259
CA00090,2026-10-01 20:15:43,C0041,SES00087,P1016,S002,South,PRODUCT_VIEW,Mobile,369
CA00091,2026-10-01 10:57:18,C0040,SES00033,P1023,S009,West,CHECKOUT,Mobile,329
CA00092,2026-10-01 16:59:11,C0143,SES00188,P1021,S006,North,SEARCH,Mobile,710
CA00093,2026-10-01 11:27:09,C0097,SES00065,P1012,S012,South,PRODUCT_VIEW,Desktop,728
CA00094,2026-10-01 18:52:48,C0113,SES00179,P1018,S005,Central,CHECKOUT,Mobile,585
CA00095,2026-10-01 14:53:32,C0048,SES00188,P1018,S006,North,CHECKOUT,Desktop,893
CA00096,2026-10-01 18:40:08,C0142,SES00040,P1006,S002,South,CHECKOUT,Desktop,844
CA00097,2026-10-01 17:15:58,C0068,SES00001,P1018,S006,North,LOGIN,Desktop,756
CA00098,2026-10-01 15:37:40,C0048,SES00199,P1001,S010,Central,LOGIN,Mobile,333
CA00099,2026-10-01 16:03:14,C0017,SES00049,P1022,S009,West,LOGIN,Tablet,514
CA00100,2026-10-01 14:09:15,C0142,SES00083,P1005,S010,Central,CHECKOUT,Tablet,334
CA00101,2026-10-01 10:12:49,C0029,SES00012,P1004,S009,West,SEARCH,Mobile,899
CA00102,2026-10-01 17:50:09,C0009,SES00050,P1007,S002,South,PRODUCT_VIEW,Mobile,589
CA00103,2026-10-01 18:34:20,C0100,SES00160,P1022,S008,East,LOGIN,Desktop,55
CA00104,2026-10-01 10:17:24,C0094,SES00004,P1008,S010,Central,SEARCH,Tablet,508
CA00105,2026-10-01 10:06:18,C0021,SES00093,P1015,S011,North,LOGIN,Tablet,430
CA00106,2026-10-01 20:13:51,C0095,SES00069,P1023,S001,North,LOGIN,Mobile,756
CA00107,2026-10-01 12:55:49,C0019,SES00133,P1010,S002,South,PRODUCT_VIEW,Mobile,747
CA00108,2026-10-01 12:26:56,C0060,SES00050,P1018,S007,South,LOGIN,Tablet,259
CA00109,2026-10-01 19:09:56,C0146,SES00192,P1021,S003,East,LOGIN,Desktop,769
CA00110,2026-10-01 19:29:45,C0028,SES00092,P1025,S011,North,CHECKOUT,Tablet,686
CA00111,2026-10-01 12:17:02,C0110,SES00141,P1004,S003,East,CHECKOUT,Tablet,350
CA00112,2026-10-01 17:03:53,C0041,SES00091,P1018,S010,Central,ADD_TO_CART,Tablet,337
CA00113,2026-10-01 16:50:19,C0096,SES00212,P1014,S011,North,ADD_TO_CART,Tablet,251
CA00114,2026-10-01 15:49:40,C0145,SES00197,P1018,S004,West,LOGIN,Tablet,265
CA00115,2026-10-01 16:13:43,C0093,SES00001,P1015,S008,East,PRODUCT_VIEW,Desktop,615
CA00116,2026-10-01 14:29:41,C0005,SES00002,P1017,S003,East,ADD_TO_CART,Mobile,224
CA00117,2026-10-01 14:01:25,C0081,SES00142,P1001,S012,South,LOGIN,Tablet,589
CA00118,2026-10-01 09:41:13,C0147,SES00118,P1005,S002,South,ADD_TO_CART,Mobile,146
CA00119,2026-10-01 13:32:54,C0068,SES00060,P1012,S010,Central,ADD_TO_CART,Desktop,99
CA00120,2026-10-01 12:57:29,C0147,SES00188,P1013,S010,Central,PRODUCT_VIEW,Tablet,337
CA00121,2026-10-01 19:29:23,C0124,SES00210,P1006,S008,East,PRODUCT_VIEW,Tablet,662
CA00122,2026-10-01 19:29:27,C0077,SES00098,P1002,S012,South,PRODUCT_VIEW,Mobile,794
CA00123,2026-10-01 16:34:57,C0086,SES00031,P1012,S007,South,SEARCH,Tablet,673
CA00124,2026-10-01 15:57:46,C0003,SES00014,P1021,S011,North,ADD_TO_CART,Tablet,47
CA00125,2026-10-01 11:43:22,C0082,SES00084,P1018,S010,Central,LOGIN,Tablet,231
CA00126,2026-10-01 16:09:07,C0040,SES00115,P1002,S011,North,LOGIN,Tablet,521
CA00127,2026-10-01 14:16:31,C0024,SES00202,P1008,S007,South,CHECKOUT,Mobile,140
CA00128,2026-10-01 19:24:09,C0087,SES00191,P1003,S008,East,PRODUCT_VIEW,Tablet,413
CA00129,2026-10-01 18:08:07,C0068,SES00112,P1003,S007,South,SEARCH,Mobile,497
CA00130,2026-10-01 16:11:47,C0144,SES00167,P1007,S008,East,LOGIN,Mobile,579
CA00131,2026-10-01 10:18:15,C0135,SES00069,P1008,S004,West,CHECKOUT,Desktop,706
CA00132,2026-10-01 16:31:44,C0148,SES00109,P1003,S002,South,ADD_TO_CART,Desktop,200
CA00133,2026-10-01 09:26:26,C0083,SES00198,P1012,S010,Central,ADD_TO_CART,Mobile,363
CA00134,2026-10-01 17:01:06,C0114,SES00012,P1020,S003,East,SEARCH,Mobile,706
CA00135,2026-10-01 10:33:43,C0096,SES00029,P1005,S012,South,PRODUCT_VIEW,Mobile,640
CA00136,2026-10-01 15:14:56,C0038,SES00178,P1010,S001,North,PRODUCT_VIEW,Desktop,465
CA00137,2026-10-01 12:48:17,C0121,SES00190,P1001,S006,North,LOGIN,Mobile,213
CA00138,2026-10-01 18:59:26,C0140,SES00124,P1017,S005,Central,LOGIN,Tablet,149
CA00139,2026-10-01 18:35:24,C0005,SES00012,P1013,S010,Central,ADD_TO_CART,Mobile,66
CA00140,2026-10-01 20:14:58,C0073,SES00070,P1007,S012,South,PRODUCT_VIEW,Desktop,675
CA00141,2026-10-01 13:56:20,C0003,SES00170,P1003,S007,South,ADD_TO_CART,Mobile,24
CA00142,2026-10-01 13:12:29,C0075,SES00098,P1021,S007,South,LOGIN,Tablet,106
CA00143,2026-10-01 18:40:36,C0081,SES00023,P1016,S010,Central,SEARCH,Mobile,517
CA00144,2026-10-01 09:23:28,C0118,SES00011,P1018,S012,South,SEARCH,Tablet,317
CA00145,2026-10-01 11:51:29,C0086,SES00005,P1016,S007,South,ADD_TO_CART,Tablet,365
CA00146,2026-10-01 13:17:59,C0091,SES00129,P1021,S005,Central,ADD_TO_CART,Mobile,645
CA00147,2026-10-01 19:06:08,C0066,SES00072,P1013,S001,North,SEARCH,Mobile,354
CA00148,2026-10-01 10:35:53,C0101,SES00187,P1022,S003,East,CHECKOUT,Tablet,699
CA00149,2026-10-01 19:25:45,C0059,SES00040,P1014,S004,West,CHECKOUT,Desktop,624
CA00150,2026-10-01 11:23:55,C0085,SES00053,P1015,S009,West,SEARCH,Tablet,559
CA00151,2026-10-01 18:32:08,C0052,SES00035,P1005,S005,Central,CHECKOUT,Mobile,676
CA00152,2026-10-01 10:14:04,C0145,SES00143,P1006,S006,North,LOGIN,Tablet,126
CA00153,2026-10-01 09:32:12,C0048,SES00196,P1011,S003,East,ADD_TO_CART,Desktop,426
CA00154,2026-10-01 20:35:36,C0078,SES00190,P1015,S012,South,ADD_TO_CART,Mobile,802
CA00155,2026-10-01 12:21:47,C0049,SES00007,P1004,S003,East,LOGIN,Tablet,278
CA00156,2026-10-01 19:51:23,C0146,SES00060,P1020,S004,West,SEARCH,Tablet,31
CA00157,2026-10-01 17:40:34,C0092,SES00035,P1003,S012,South,LOGIN,Tablet,485
CA00158,2026-10-01 17:56:47,C0096,SES00122,P1006,S007,South,SEARCH,Mobile,202
CA00159,2026-10-01 09:16:23,C0058,SES00070,P1002,S007,South,CHECKOUT,Mobile,765
CA00160,2026-10-01 10:12:14,C0052,SES00046,P1025,S004,West,CHECKOUT,Tablet,506
CA00161,2026-10-01 16:47:00,C0084,SES00104,P1015,S004,West,PRODUCT_VIEW,Tablet,757
CA00162,2026-10-01 16:10:31,C0098,SES00157,P1024,S006,North,LOGIN,Tablet,554
CA00163,2026-10-01 09:42:03,C0135,SES00134,P1021,S012,South,PRODUCT_VIEW,Desktop,472
CA00164,2026-10-01 18:47:29,C0011,SES00102,P1008,S009,West,PRODUCT_VIEW,Tablet,401
CA00165,2026-10-01 09:53:50,C0133,SES00049,P1025,S011,North,ADD_TO_CART,Desktop,412
CA00166,2026-10-01 17:23:54,C0078,SES00043,P1025,S005,Central,CHECKOUT,Desktop,632
CA00167,2026-10-01 11:35:21,C0014,SES00119,P1023,S009,West,CHECKOUT,Mobile,744
CA00168,2026-10-01 19:39:27,C0129,SES00179,P1004,S003,East,LOGIN,Mobile,407
CA00169,2026-10-01 09:27:12,C0106,SES00046,P1011,S008,East,CHECKOUT,Tablet,734
CA00170,2026-10-01 13:33:09,C0052,SES00083,P1015,S002,South,SEARCH,Tablet,755
CA00171,2026-10-01 17:10:51,C0032,SES00163,P1003,S002,South,ADD_TO_CART,Mobile,541
CA00172,2026-10-01 20:08:32,C0099,SES00041,P1024,S009,West,CHECKOUT,Tablet,394
CA00173,2026-10-01 15:06:07,C0012,SES00145,P1025,S003,East,SEARCH,Mobile,894
CA00174,2026-10-01 09:56:02,C0038,SES00108,P1006,S012,South,ADD_TO_CART,Desktop,752
CA00175,2026-10-01 12:17:22,C0115,SES00031,P1010,S011,North,SEARCH,Mobile,8
CA00176,2026-10-01 18:03:32,C0065,SES00219,P1001,S008,East,CHECKOUT,Tablet,831
CA00177,2026-10-01 13:19:49,C0002,SES00056,P1020,S008,East,LOGIN,Tablet,492
CA00178,2026-10-01 10:26:43,C0117,SES00154,P1014,S008,East,LOGIN,Mobile,255
CA00179,2026-10-01 20:26:38,C0141,SES00143,P1009,S010,Central,SEARCH,Mobile,194
CA00180,2026-10-01 15:21:13,C0038,SES00010,P1002,S011,North,SEARCH,Mobile,688
CA00181,2026-10-01 15:01:39,C0148,SES00023,P1020,S005,Central,PRODUCT_VIEW,Mobile,431
CA00182,2026-10-01 14:10:37,C0046,SES00157,P1006,S011,North,LOGIN,Tablet,811
CA00183,2026-10-01 19:32:23,C0144,SES00093,P1006,S008,East,PRODUCT_VIEW,Mobile,791
CA00184,2026-10-01 15:53:54,C0077,SES00210,P1011,S006,North,PRODUCT_VIEW,Desktop,868
CA00185,2026-10-01 17:34:15,C0141,SES00035,P1003,S005,Central,PRODUCT_VIEW,Tablet,885
CA00186,2026-10-01 16:31:56,C0071,SES00135,P1011,S009,West,SEARCH,Tablet,219
CA00187,2026-10-01 20:27:00,C0015,SES00136,P1004,S010,Central,PRODUCT_VIEW,Desktop,746
CA00188,2026-10-01 14:45:41,C0074,SES00067,P1014,S010,Central,LOGIN,Tablet,643
CA00189,2026-10-01 19:14:32,C0091,SES00128,P1005,S010,Central,LOGIN,Tablet,652
CA00190,2026-10-01 20:05:38,C0128,SES00060,P1016,S003,East,ADD_TO_CART,Mobile,6
CA00191,2026-10-01 20:23:10,C0031,SES00204,P1001,S008,East,PRODUCT_VIEW,Tablet,873
CA00192,2026-10-01 16:32:14,C0054,SES00012,P1020,S007,South,ADD_TO_CART,Desktop,578
CA00193,2026-10-01 12:39:45,C0055,SES00177,P1001,S011,North,ADD_TO_CART,Desktop,814
CA00194,2026-10-01 18:13:26,C0018,SES00141,P1010,S005,Central,ADD_TO_CART,Mobile,121
CA00195,2026-10-01 19:21:24,C0086,SES00158,P1011,S007,South,PRODUCT_VIEW,Mobile,203
CA00196,2026-10-01 17:43:18,C0085,SES00122,P1011,S011,North,PRODUCT_VIEW,Tablet,144
CA00197,2026-10-01 17:23:07,C0124,SES00138,P1005,S011,North,ADD_TO_CART,Desktop,807
CA00198,2026-10-01 18:29:09,C0106,SES00077,P1024,S001,North,LOGIN,Tablet,699
CA00199,2026-10-01 09:20:26,C0081,SES00054,P1018,S009,West,LOGIN,Tablet,344
CA00200,2026-10-01 14:06:20,C0091,SES00216,P1003,S003,East,PRODUCT_VIEW,Desktop,389
CA00201,2026-10-01 20:01:34,C0137,SES00100,P1006,S010,Central,SEARCH,Tablet,124
CA00202,2026-10-01 09:34:32,C0079,SES00070,P1023,S006,North,CHECKOUT,Mobile,513
CA00203,2026-10-01 14:30:33,C0061,SES00056,P1012,S008,East,LOGIN,Desktop,184
CA00204,2026-10-01 12:40:44,C0029,SES00024,P1012,S001,North,CHECKOUT,Tablet,30
CA00205,2026-10-01 12:27:45,C0124,SES00088,P1017,S003,East,CHECKOUT,Tablet,899
CA00206,2026-10-01 11:36:30,C0135,SES00197,P1010,S006,North,PRODUCT_VIEW,Tablet,697
CA00207,2026-10-01 09:39:55,C0034,SES00118,P1007,S012,South,CHECKOUT,Tablet,890
CA00208,2026-10-01 14:39:40,C0134,SES00012,P1004,S001,North,LOGIN,Mobile,346
CA00209,2026-10-01 18:28:36,C0120,SES00197,P1002,S002,South,ADD_TO_CART,Mobile,596
CA00210,2026-10-01 14:50:29,C0080,SES00052,P1021,S004,West,SEARCH,Desktop,288
CA00211,2026-10-01 11:08:30,C0137,SES00070,P1011,S008,East,SEARCH,Mobile,285
CA00212,2026-10-01 19:11:15,C0030,SES00132,P1001,S010,Central,PRODUCT_VIEW,Mobile,560
CA00213,2026-10-01 13:56:03,C0090,SES00037,P1018,S006,North,ADD_TO_CART,Tablet,255
CA00214,2026-10-01 20:09:50,C0044,SES00087,P1003,S005,Central,LOGIN,Desktop,56
CA00215,2026-10-01 09:55:06,C0034,SES00028,P1001,S008,East,CHECKOUT,Mobile,93
CA00216,2026-10-01 19:51:07,C0110,SES00152,P1013,S003,East,CHECKOUT,Tablet,369
CA00217,2026-10-01 18:42:42,C0080,SES00021,P1011,S004,West,CHECKOUT,Tablet,139
CA00218,2026-10-01 10:46:14,C0024,SES00117,P1023,S008,East,ADD_TO_CART,Tablet,664
CA00219,2026-10-01 13:04:26,C0120,SES00037,P1016,S004,West,LOGIN,Desktop,377
CA00220,2026-10-01 15:00:48,C0101,SES00202,P1006,S012,South,ADD_TO_CART,Desktop,504
CA00221,2026-10-01 11:03:18,C0008,SES00090,P1003,S008,East,CHECKOUT,Desktop,871
CA00222,2026-10-01 20:00:12,C0044,SES00148,P1010,S006,North,SEARCH,Tablet,110
CA00223,2026-10-01 14:55:56,C0104,SES00143,P1023,S002,South,PRODUCT_VIEW,Desktop,550
CA00224,2026-10-01 16:31:35,C0119,SES00062,P1013,S010,Central,LOGIN,Mobile,566
CA00225,2026-10-01 10:12:09,C0041,SES00088,P1016,S007,South,SEARCH,Tablet,610
CA00226,2026-10-01 15:13:46,C0111,SES00140,P1014,S010,Central,SEARCH,Mobile,683
CA00227,2026-10-01 19:27:10,C0020,SES00215,P1024,S012,South,CHECKOUT,Mobile,611
CA00228,2026-10-01 10:46:39,C0119,SES00211,P1011,S009,West,CHECKOUT,Mobile,320
CA00229,2026-10-01 10:58:46,C0104,SES00176,P1003,S010,Central,LOGIN,Desktop,340
CA00230,2026-10-01 10:07:09,C0127,SES00024,P1021,S011,North,SEARCH,Mobile,599
CA00231,2026-10-01 11:42:59,C0001,SES00116,P1025,S003,East,LOGIN,Desktop,404
CA00232,2026-10-01 12:44:38,C0148,SES00175,P1015,S004,West,ADD_TO_CART,Desktop,588
CA00233,2026-10-01 15:16:01,C0078,SES00023,P1014,S012,South,LOGIN,Mobile,631
CA00234,2026-10-01 14:21:19,C0131,SES00016,P1013,S003,East,ADD_TO_CART,Tablet,59
CA00235,2026-10-01 15:32:23,C0001,SES00029,P1023,S009,West,ADD_TO_CART,Mobile,245
CA00236,2026-10-01 16:10:38,C0111,SES00161,P1023,S010,Central,ADD_TO_CART,Tablet,396
CA00237,2026-10-01 18:55:24,C0104,SES00055,P1013,S007,South,SEARCH,Desktop,147
CA00238,2026-10-01 15:33:31,C0049,SES00216,P1018,S007,South,CHECKOUT,Mobile,300
CA00239,2026-10-01 10:18:21,C0033,SES00166,P1005,S001,North,PRODUCT_VIEW,Mobile,743
CA00240,2026-10-01 11:28:18,C0125,SES00022,P1022,S007,South,SEARCH,Tablet,830
CA00241,2026-10-01 20:00:11,C0107,SES00109,P1015,S012,South,LOGIN,Mobile,470
CA00242,2026-10-01 17:11:34,C0131,SES00099,P1014,S009,West,ADD_TO_CART,Mobile,195
CA00243,2026-10-01 19:31:15,C0109,SES00128,P1020,S001,North,SEARCH,Tablet,518
CA00244,2026-10-01 19:29:31,C0069,SES00094,P1014,S009,West,PRODUCT_VIEW,Mobile,586
CA00245,2026-10-01 11:03:36,C0124,SES00149,P1023,S006,North,CHECKOUT,Tablet,86
CA00246,2026-10-01 18:34:58,C0037,SES00220,P1024,S012,South,ADD_TO_CART,Desktop,534
CA00247,2026-10-01 10:36:36,C0021,SES00063,P1017,S010,Central,CHECKOUT,Tablet,764
CA00248,2026-10-01 18:48:56,C0020,SES00205,P1022,S011,North,LOGIN,Desktop,632
CA00249,2026-10-01 09:11:46,C0014,SES00121,P1011,S009,West,CHECKOUT,Tablet,485
CA00250,2026-10-01 16:39:51,C0147,SES00091,P1024,S006,North,ADD_TO_CART,Desktop,176
CA00251,2026-10-01 14:32:07,C0010,SES00187,P1023,S010,Central,LOGIN,Desktop,67
CA00252,2026-10-01 19:25:42,C0122,SES00014,P1019,S003,East,ADD_TO_CART,Tablet,644
CA00253,2026-10-01 10:30:07,C0007,SES00033,P1010,S008,East,LOGIN,Mobile,876
CA00254,2026-10-01 20:12:36,C0072,SES00072,P1009,S003,East,ADD_TO_CART,Desktop,19
CA00255,2026-10-01 19:46:22,C0029,SES00190,P1020,S003,East,SEARCH,Tablet,462
CA00256,2026-10-01 13:17:59,C0095,SES00125,P1006,S005,Central,SEARCH,Tablet,887
CA00257,2026-10-01 11:38:27,C0009,SES00153,P1011,S002,South,SEARCH,Desktop,775
CA00258,2026-10-01 13:19:54,C0106,SES00170,P1025,S007,South,CHECKOUT,Tablet,657
CA00259,2026-10-01 15:16:54,C0043,SES00014,P1007,S010,Central,ADD_TO_CART,Mobile,58
CA00260,2026-10-01 17:40:10,C0043,SES00078,P1015,S007,South,CHECKOUT,Tablet,775
CA00261,2026-10-01 16:06:03,C0137,SES00122,P1008,S007,South,ADD_TO_CART,Mobile,548
CA00262,2026-10-01 17:10:13,C0112,SES00098,P1001,S005,Central,ADD_TO_CART,Tablet,704
CA00263,2026-10-01 20:36:14,C0011,SES00091,P1004,S009,West,CHECKOUT,Tablet,672
CA00264,2026-10-01 13:51:43,C0070,SES00206,P1011,S005,Central,PRODUCT_VIEW,Desktop,675
CA00265,2026-10-01 13:24:06,C0150,SES00188,P1013,S008,East,LOGIN,Mobile,537
CA00266,2026-10-01 12:16:31,C0087,SES00081,P1022,S012,South,LOGIN,Mobile,693
CA00267,2026-10-01 16:29:11,C0003,SES00026,P1003,S001,North,LOGIN,Mobile,706
CA00268,2026-10-01 14:09:26,C0115,SES00065,P1012,S004,West,SEARCH,Mobile,29
CA00269,2026-10-01 12:56:49,C0024,SES00154,P1002,S010,Central,PRODUCT_VIEW,Tablet,127
CA00270,2026-10-01 15:50:38,C0023,SES00169,P1020,S003,East,LOGIN,Mobile,118
CA00271,2026-10-01 17:30:02,C0048,SES00170,P1009,S005,Central,PRODUCT_VIEW,Tablet,469
CA00272,2026-10-01 14:53:14,C0071,SES00066,P1025,S007,South,SEARCH,Mobile,288
CA00273,2026-10-01 15:03:20,C0016,SES00016,P1013,S007,South,ADD_TO_CART,Desktop,187
CA00274,2026-10-01 12:39:11,C0113,SES00157,P1003,S008,East,CHECKOUT,Mobile,665
CA00275,2026-10-01 18:50:30,C0126,SES00197,P1004,S003,East,CHECKOUT,Mobile,633
CA00276,2026-10-01 13:42:53,C0028,SES00027,P1015,S012,South,PRODUCT_VIEW,Mobile,77
CA00277,2026-10-01 17:07:01,C0147,SES00005,P1024,S005,Central,CHECKOUT,Mobile,673
CA00278,2026-10-01 16:06:30,C0001,SES00069,P1002,S011,North,SEARCH,Tablet,342
CA00279,2026-10-01 18:22:56,C0101,SES00182,P1019,S001,North,CHECKOUT,Desktop,451
CA00280,2026-10-01 18:49:57,C0104,SES00058,P1024,S002,South,PRODUCT_VIEW,Desktop,710
CA00281,2026-10-01 18:44:41,C0124,SES00092,P1004,S010,Central,ADD_TO_CART,Tablet,315
CA00282,2026-10-01 20:46:46,C0103,SES00024,P1002,S011,North,ADD_TO_CART,Tablet,878
CA00283,2026-10-01 14:16:42,C0088,SES00166,P1003,S008,East,SEARCH,Mobile,572
CA00284,2026-10-01 12:28:37,C0011,SES00077,P1013,S011,North,CHECKOUT,Mobile,650
CA00285,2026-10-01 20:31:10,C0092,SES00113,P1016,S002,South,SEARCH,Mobile,41
CA00286,2026-10-01 19:47:39,C0050,SES00062,P1001,S012,South,CHECKOUT,Desktop,69
CA00287,2026-10-01 18:05:47,C0139,SES00137,P1021,S005,Central,CHECKOUT,Mobile,42
CA00288,2026-10-01 09:46:45,C0087,SES00104,P1002,S006,North,PRODUCT_VIEW,Mobile,831
CA00289,2026-10-01 18:46:04,C0134,SES00039,P1015,S011,North,LOGIN,Mobile,78
CA00290,2026-10-01 17:54:00,C0010,SES00168,P1024,S003,East,PRODUCT_VIEW,Desktop,638
CA00291,2026-10-01 11:22:34,C0012,SES00004,P1008,S012,South,SEARCH,Tablet,56
CA00292,2026-10-01 20:07:37,C0079,SES00044,P1004,S008,East,LOGIN,Mobile,842
CA00293,2026-10-01 19:49:52,C0028,SES00205,P1004,S008,East,LOGIN,Mobile,69
CA00294,2026-10-01 16:19:06,C0052,SES00084,P1014,S006,North,PRODUCT_VIEW,Tablet,594
CA00295,2026-10-01 12:52:54,C0140,SES00196,P1005,S006,North,PRODUCT_VIEW,Tablet,182
CA00296,2026-10-01 13:59:09,C0086,SES00037,P1003,S002,South,CHECKOUT,Mobile,718
CA00297,2026-10-01 16:59:08,C0095,SES00063,P1018,S003,East,LOGIN,Mobile,141
CA00298,2026-10-01 15:50:50,C0026,SES00200,P1021,S010,Central,SEARCH,Mobile,503
CA00299,2026-10-01 12:15:58,C0021,SES00023,P1001,S001,North,LOGIN,Desktop,431
CA00300,2026-10-01 12:45:10,C0122,SES00037,P1023,S003,East,ADD_TO_CART,Tablet,466
CA00301,2026-10-01 20:06:52,C0106,SES00178,P1008,S003,East,PRODUCT_VIEW,Tablet,189
CA00302,2026-10-01 20:25:03,C0128,SES00212,P1020,S002,South,ADD_TO_CART,Desktop,433
CA00303,2026-10-01 12:29:36,C0002,SES00031,P1018,S004,West,LOGIN,Mobile,638
CA00304,2026-10-01 18:14:22,C0093,SES00057,P1025,S009,West,CHECKOUT,Tablet,680
CA00305,2026-10-01 12:31:35,C0054,SES00029,P1009,S001,North,SEARCH,Tablet,869
CA00306,2026-10-01 11:54:30,C0122,SES00172,P1016,S003,East,PRODUCT_VIEW,Mobile,665
CA00307,2026-10-01 16:54:46,C0094,SES00065,P1010,S004,West,ADD_TO_CART,Tablet,829
CA00308,2026-10-01 09:57:17,C0117,SES00138,P1002,S002,South,SEARCH,Mobile,809
CA00309,2026-10-01 11:06:46,C0008,SES00019,P1016,S009,West,SEARCH,Tablet,460
CA00310,2026-10-01 12:37:05,C0149,SES00192,P1011,S007,South,ADD_TO_CART,Mobile,802
CA00311,2026-10-01 10:47:06,C0029,SES00061,P1011,S004,West,CHECKOUT,Mobile,389
CA00312,2026-10-01 19:39:04,C0057,SES00125,P1003,S008,East,PRODUCT_VIEW,Desktop,153
CA00313,2026-10-01 12:14:29,C0056,SES00100,P1020,S008,East,ADD_TO_CART,Mobile,473
CA00314,2026-10-01 13:54:34,C0050,SES00052,P1021,S006,North,ADD_TO_CART,Mobile,37
CA00315,2026-10-01 11:29:05,C0146,SES00029,P1002,S005,Central,CHECKOUT,Desktop,433
CA00316,2026-10-01 13:00:08,C0044,SES00076,P1025,S006,North,LOGIN,Mobile,813
CA00317,2026-10-01 13:10:53,C0044,SES00023,P1019,S009,West,CHECKOUT,Tablet,505
CA00318,2026-10-01 17:25:27,C0056,SES00072,P1019,S008,East,PRODUCT_VIEW,Tablet,443
CA00319,2026-10-01 16:54:18,C0064,SES00149,P1008,S006,North,SEARCH,Tablet,157
CA00320,2026-10-01 09:48:18,C0147,SES00011,P1001,S007,South,CHECKOUT,Tablet,792
CA00321,2026-10-01 18:40:07,C0130,SES00101,P1002,S007,South,CHECKOUT,Tablet,846
CA00322,2026-10-01 13:22:42,C0026,SES00022,P1015,S008,East,LOGIN,Mobile,714
CA00323,2026-10-01 15:31:28,C0105,SES00076,P1007,S003,East,SEARCH,Tablet,97
CA00324,2026-10-01 14:32:57,C0005,SES00042,P1016,S011,North,CHECKOUT,Tablet,770
CA00325,2026-10-01 17:26:33,C0150,SES00198,P1001,S008,East,SEARCH,Tablet,420
CA00326,2026-10-01 17:27:08,C0048,SES00181,P1012,S011,North,PRODUCT_VIEW,Tablet,77
CA00327,2026-10-01 18:39:54,C0099,SES00009,P1023,S006,North,ADD_TO_CART,Desktop,775
CA00328,2026-10-01 18:52:29,C0070,SES00148,P1023,S010,Central,SEARCH,Tablet,87
CA00329,2026-10-01 18:22:13,C0086,SES00173,P1024,S001,North,ADD_TO_CART,Mobile,118
CA00330,2026-10-01 20:16:15,C0099,SES00011,P1012,S008,East,ADD_TO_CART,Desktop,184
CA00331,2026-10-01 19:12:29,C0144,SES00182,P1023,S002,South,SEARCH,Mobile,347
CA00332,2026-10-01 17:42:38,C0062,SES00189,P1018,S002,South,LOGIN,Tablet,219
CA00333,2026-10-01 13:52:01,C0058,SES00129,P1011,S006,North,CHECKOUT,Desktop,60
CA00334,2026-10-01 17:14:09,C0017,SES00125,P1012,S006,North,LOGIN,Tablet,854
CA00335,2026-10-01 18:40:58,C0032,SES00174,P1016,S012,South,LOGIN,Desktop,467
CA00336,2026-10-01 10:11:40,C0095,SES00049,P1022,S012,South,CHECKOUT,Mobile,87
CA00337,2026-10-01 10:24:02,C0101,SES00028,P1006,S005,Central,SEARCH,Desktop,119
CA00338,2026-10-01 12:43:06,C0038,SES00134,P1016,S003,East,PRODUCT_VIEW,Desktop,431
CA00339,2026-10-01 15:18:41,C0139,SES00108,P1005,S008,East,CHECKOUT,Tablet,665
CA00340,2026-10-01 10:08:45,C0006,SES00006,P1010,S004,West,SEARCH,Tablet,665
CA00341,2026-10-01 15:14:25,C0086,SES00168,P1014,S010,Central,ADD_TO_CART,Desktop,612
CA00342,2026-10-01 17:20:15,C0136,SES00078,P1018,S008,East,LOGIN,Mobile,813
CA00343,2026-10-01 13:07:42,C0079,SES00124,P1006,S005,Central,ADD_TO_CART,Desktop,793
CA00344,2026-10-01 14:10:37,C0013,SES00117,P1005,S006,North,SEARCH,Tablet,169
CA00345,2026-10-01 12:11:32,C0138,SES00215,P1010,S003,East,SEARCH,Mobile,248
CA00346,2026-10-01 19:27:32,C0030,SES00033,P1002,S006,North,CHECKOUT,Desktop,383
CA00347,2026-10-01 09:37:53,C0048,SES00171,P1007,S009,West,ADD_TO_CART,Desktop,156
CA00348,2026-10-01 11:57:35,C0096,SES00137,P1015,S009,West,ADD_TO_CART,Mobile,30
CA00349,2026-10-01 17:20:18,C0104,SES00082,P1016,S003,East,SEARCH,Mobile,761
CA00350,2026-10-01 20:46:57,C0140,SES00181,P1017,S006,North,ADD_TO_CART,Desktop,301
CA00351,2026-10-01 19:17:23,C0147,SES00187,P1022,S003,East,CHECKOUT,Desktop,710
CA00352,2026-10-01 09:43:46,C0029,SES00036,P1024,S008,East,LOGIN,Mobile,320
CA00353,2026-10-01 13:00:41,C0007,SES00115,P1013,S010,Central,ADD_TO_CART,Mobile,339
CA00354,2026-10-01 12:33:09,C0015,SES00150,P1020,S011,North,LOGIN,Mobile,805
CA00355,2026-10-01 10:31:18,C0072,SES00138,P1007,S001,North,CHECKOUT,Tablet,692
CA00356,2026-10-01 12:32:23,C0023,SES00126,P1017,S007,South,ADD_TO_CART,Tablet,624
CA00357,2026-10-01 15:34:22,C0131,SES00102,P1002,S011,North,SEARCH,Tablet,879
CA00358,2026-10-01 15:47:13,C0110,SES00004,P1012,S007,South,ADD_TO_CART,Desktop,364
CA00359,2026-10-01 10:35:40,C0079,SES00056,P1015,S009,West,CHECKOUT,Tablet,430
CA00360,2026-10-01 16:42:56,C0114,SES00187,P1010,S003,East,CHECKOUT,Mobile,860
CA00361,2026-10-01 14:31:12,C0023,SES00122,P1005,S004,West,LOGIN,Desktop,72
CA00362,2026-10-01 16:27:14,C0097,SES00164,P1003,S001,North,ADD_TO_CART,Desktop,184
CA00363,2026-10-01 19:20:18,C0143,SES00194,P1015,S012,South,SEARCH,Mobile,195
CA00364,2026-10-01 17:55:51,C0098,SES00011,P1010,S009,West,ADD_TO_CART,Tablet,316
CA00365,2026-10-01 17:26:12,C0127,SES00058,P1018,S012,South,PRODUCT_VIEW,Mobile,162
CA00366,2026-10-01 20:35:17,C0068,SES00121,P1010,S011,North,PRODUCT_VIEW,Tablet,686
CA00367,2026-10-01 17:57:16,C0074,SES00177,P1014,S003,East,SEARCH,Mobile,127
CA00368,2026-10-01 19:54:08,C0071,SES00191,P1016,S002,South,ADD_TO_CART,Tablet,497
CA00369,2026-10-01 20:25:56,C0145,SES00176,P1014,S005,Central,CHECKOUT,Tablet,842
CA00370,2026-10-01 19:28:20,C0031,SES00005,P1012,S009,West,ADD_TO_CART,Mobile,600
CA00371,2026-10-01 17:23:34,C0015,SES00178,P1005,S006,North,SEARCH,Desktop,172
CA00372,2026-10-01 16:38:13,C0014,SES00163,P1009,S006,North,ADD_TO_CART,Mobile,301
CA00373,2026-10-01 10:23:54,C0075,SES00132,P1017,S011,North,SEARCH,Tablet,192
CA00374,2026-10-01 18:53:52,C0025,SES00083,P1020,S003,East,ADD_TO_CART,Tablet,824
CA00375,2026-10-01 15:35:58,C0078,SES00025,P1009,S011,North,LOGIN,Tablet,365
CA00376,2026-10-01 18:25:58,C0037,SES00073,P1001,S003,East,ADD_TO_CART,Desktop,426
CA00377,2026-10-01 12:57:58,C0088,SES00040,P1006,S002,South,LOGIN,Mobile,856
CA00378,2026-10-01 18:34:09,C0049,SES00217,P1018,S010,Central,LOGIN,Tablet,569
CA00379,2026-10-01 10:23:26,C0030,SES00030,P1014,S008,East,SEARCH,Mobile,496
CA00380,2026-10-01 15:36:01,C0090,SES00036,P1010,S012,South,CHECKOUT,Tablet,540
CA00381,2026-10-01 14:32:47,C0088,SES00008,P1006,S012,South,PRODUCT_VIEW,Mobile,136
CA00382,2026-10-01 14:35:47,C0037,SES00033,P1023,S004,West,SEARCH,Mobile,85
CA00383,2026-10-01 10:24:54,C0109,SES00005,P1023,S002,South,CHECKOUT,Desktop,48
CA00384,2026-10-01 18:20:51,C0051,SES00152,P1004,S001,North,PRODUCT_VIEW,Desktop,126
CA00385,2026-10-01 14:29:28,C0065,SES00171,P1002,S002,South,PRODUCT_VIEW,Mobile,806
CA00386,2026-10-01 19:41:49,C0032,SES00052,P1020,S004,West,SEARCH,Tablet,364
CA00387,2026-10-01 14:02:58,C0008,SES00149,P1003,S003,East,ADD_TO_CART,Desktop,169
CA00388,2026-10-01 20:09:30,C0129,SES00062,P1025,S012,South,LOGIN,Tablet,74
CA00389,2026-10-01 18:37:37,C0026,SES00056,P1019,S001,North,SEARCH,Desktop,180
CA00390,2026-10-01 10:47:47,C0138,SES00055,P1001,S012,South,LOGIN,Tablet,491
CA00391,2026-10-01 12:22:12,C0094,SES00113,P1023,S010,Central,PRODUCT_VIEW,Mobile,859
CA00392,2026-10-01 12:54:02,C0091,SES00132,P1013,S007,South,SEARCH,Desktop,120
CA00393,2026-10-01 11:00:29,C0081,SES00134,P1004,S008,East,SEARCH,Desktop,785
CA00394,2026-10-01 19:08:32,C0093,SES00185,P1023,S005,Central,PRODUCT_VIEW,Mobile,340
CA00395,2026-10-01 14:09:46,C0127,SES00117,P1004,S007,South,LOGIN,Tablet,324
CA00396,2026-10-01 16:24:51,C0114,SES00075,P1008,S009,West,CHECKOUT,Mobile,882
CA00397,2026-10-01 15:41:20,C0018,SES00046,P1016,S011,North,PRODUCT_VIEW,Tablet,508
CA00398,2026-10-01 18:30:53,C0027,SES00169,P1013,S008,East,PRODUCT_VIEW,Mobile,151
CA00399,2026-10-01 19:45:02,C0102,SES00027,P1013,S012,South,SEARCH,Mobile,377
CA00400,2026-10-01 19:49:51,C0051,SES00217,P1011,S004,West,CHECKOUT,Mobile,243
