customer_id,customer_segment,city,region,age_group,acquisition_channel
C0001,New,Nagpur,Central,18-25,Organic
C0002,New,Delhi,North,18-25,Campaign
C0003,Premium,Chennai,South,26-35,Referral
C0004,Regular,Indore,Central,26-35,Referral
C0005,Regular,Kolkata,East,26-35,Social
C0006,New,Jaipur,North,18-25,Social
C0007,Premium,Bhubaneswar,East,18-25,Referral
C0008,New,Nagpur,Central,18-25,Campaign
C0009,Premium,Bhubaneswar,East,26-35,Organic
C0010,Premium,Delhi,North,36-45,Organic
C0011,New,Chennai,South,36-45,Referral
C0012,New,Bhubaneswar,East,36-45,Search
C0013,Premium,Kolkata,East,26-35,Campaign
C0014,New,Chennai,South,46-60,Social
C0015,New,Nagpur,Central,18-25,Search
C0016,Regular,Jaipur,North,36-45,Organic
C0017,Premium,Chennai,South,26-35,Referral
C0018,Premium,Pune,West,26-35,Social
C0019,New,Chennai,South,46-60,Campaign
C0020,Regular,Mumbai,West,26-35,Campaign
C0021,New,Mumbai,West,18-25,Search
C0022,Premium,Chennai,South,18-25,Referral
C0023,Premium,Pune,West,36-45,Campaign
C0024,Premium,Delhi,North,36-45,Social
C0025,Regular,Jaipur,North,26-35,Referral
C0026,Premium,Jaipur,North,26-35,Campaign
C0027,Premium,Jaipur,North,26-35,Search
C0028,New,Kolkata,East,36-45,Referral
C0029,New,Jaipur,North,36-45,Search
C0030,New,Delhi,North,18-25,Referral
C0031,Premium,Delhi,North,26-35,Referral
C0032,New,Nagpur,Central,46-60,Search
C0033,Premium,Indore,Central,36-45,Referral
C0034,Regular,Bhubaneswar,East,18-25,Search
C0035,New,Chennai,South,18-25,Campaign
C0036,New,Indore,Central,18-25,Organic
C0037,New,Delhi,North,18-25,Social
C0038,Premium,Delhi,North,36-45,Referral
C0039,Premium,Bengaluru,South,46-60,Search
C0040,Regular,Mumbai,West,18-25,Organic
C0041,Regular,Pune,West,46-60,Referral
C0042,Premium,Delhi,North,18-25,Referral
C0043,New,Kolkata,East,26-35,Search
C0044,Regular,Indore,Central,46-60,Search
C0045,Regular,Kolkata,East,18-25,Referral
C0046,New,Indore,Central,18-25,Organic
C0047,New,Chennai,South,46-60,Referral
C0048,Regular,Bengaluru,South,26-35,Referral
C0049,Regular,Jaipur,North,46-60,Social
C0050,Premium,Pune,West,26-35,Search
C0051,New,Kolkata,East,18-25,Social
C0052,New,Jaipur,North,26-35,Organic
C0053,New,Indore,Central,18-25,Campaign
C0054,Premium,Delhi,North,46-60,Organic
C0055,New,Indore,Central,18-25,Referral
C0056,Premium,Nagpur,Central,36-45,Search
C0057,New,Bhubaneswar,East,46-60,Search
C0058,Regular,Bhubaneswar,East,18-25,Organic
C0059,Premium,Mumbai,West,18-25,Campaign
C0060,Premium,Chennai,South,26-35,Social
C0061,New,Jaipur,North,36-45,Search
C0062,Premium,Pune,West,18-25,Campaign
C0063,Premium,Kolkata,East,26-35,Social
C0064,New,Delhi,North,36-45,Social
C0065,New,Nagpur,Central,26-35,Social
C0066,Regular,Nagpur,Central,18-25,Organic
C0067,Regular,Mumbai,West,18-25,Social
C0068,Premium,Chennai,South,26-35,Referral
C0069,Premium,Nagpur,Central,18-25,Organic
C0070,Premium,Delhi,North,18-25,Social
C0071,Premium,Indore,Central,46-60,Search
C0072,Regular,Jaipur,North,18-25,Social
C0073,Premium,Bengaluru,South,18-25,Social
C0074,Regular,Indore,Central,26-35,Search
C0075,Regular,Bengaluru,South,26-35,Social
C0076,Premium,Mumbai,West,36-45,Search
C0077,Regular,Delhi,North,46-60,Search
C0078,Regular,Chennai,South,36-45,Search
C0079,New,Bengaluru,South,46-60,Social
C0080,New,Bhubaneswar,East,36-45,Campaign
C0081,Premium,Pune,West,18-25,Organic
C0082,New,Bhubaneswar,East,18-25,Organic
C0083,Regular,Nagpur,Central,36-45,Referral
C0084,Premium,Indore,Central,46-60,Campaign
C0085,Regular,Bengaluru,South,46-60,Organic
C0086,Premium,Indore,Central,36-45,Referral
C0087,Premium,Jaipur,North,36-45,Organic
C0088,Premium,Bhubaneswar,East,46-60,Social
C0089,Premium,Pune,West,26-35,Search
C0090,Premium,Pune,West,26-35,Campaign
C0091,Regular,Nagpur,Central,18-25,Social
C0092,New,Bhubaneswar,East,36-45,Referral
C0093,Regular,Mumbai,West,46-60,Search
C0094,Regular,Jaipur,North,18-25,Search
C0095,New,Kolkata,East,26-35,Organic
C0096,New,Jaipur,North,18-25,Referral
C0097,Premium,Mumbai,West,46-60,Referral
C0098,New,Mumbai,West,18-25,Organic
C0099,New,Mumbai,West,46-60,Organic
C0100,New,Indore,Central,46-60,Search
C0101,Premium,Pune,West,46-60,Campaign
C0102,Regular,Nagpur,Central,26-35,Referral
C0103,Regular,Mumbai,West,36-45,Campaign
C0104,Premium,Mumbai,West,36-45,Referral
C0105,Premium,Jaipur,North,26-35,Social
C0106,Regular,Kolkata,East,26-35,Search
C0107,Regular,Bengaluru,South,26-35,Organic
C0108,Regular,Pune,West,46-60,Referral
C0109,New,Jaipur,North,46-60,Campaign
C0110,Premium,Jaipur,North,46-60,Organic
C0111,Regular,Bhubaneswar,East,46-60,Campaign
C0112,Premium,Indore,Central,46-60,Search
C0113,Regular,Bhubaneswar,East,18-25,Referral
C0114,Premium,Bhubaneswar,East,26-35,Referral
C0115,Premium,Bengaluru,South,46-60,Campaign
C0116,Premium,Indore,Central,18-25,Referral
C0117,Regular,Bengaluru,South,18-25,Social
C0118,Regular,Mumbai,West,46-60,Social
C0119,Regular,Bhubaneswar,East,46-60,Social
C0120,Regular,Delhi,North,18-25,Social
C0121,Premium,Bengaluru,South,18-25,Organic
C0122,New,Bengaluru,South,26-35,Search
C0123,Regular,Bengaluru,South,26-35,Referral
C0124,Regular,Kolkata,East,18-25,Search
C0125,New,Kolkata,East,36-45,Campaign
C0126,Regular,Mumbai,West,18-25,Campaign
C0127,New,Chennai,South,18-25,Campaign
C0128,Regular,Jaipur,North,36-45,Organic
C0129,Premium,Nagpur,Central,18-25,Referral
C0130,New,Pune,West,36-45,Referral
C0131,Regular,Bengaluru,South,36-45,Campaign
C0132,Regular,Nagpur,Central,46-60,Campaign
C0133,Regular,Kolkata,East,18-25,Social
C0134,New,Pune,West,46-60,Social
C0135,Regular,Jaipur,North,26-35,Referral
C0136,Regular,Chennai,South,36-45,Social
C0137,Premium,Nagpur,Central,18-25,Campaign
C0138,New,Bengaluru,South,46-60,Referral
C0139,New,Nagpur,Central,46-60,Referral
C0140,New,Jaipur,North,26-35,Referral
C0141,Regular,Chennai,South,46-60,Campaign
C0142,Regular,Nagpur,Central,36-45,Social
C0143,Regular,Pune,West,36-45,Search
C0144,Premium,Delhi,North,36-45,Organic
C0145,Premium,Indore,Central,26-35,Search
C0146,Regular,Pune,West,18-25,Search
C0147,New,Bhubaneswar,East,26-35,Social
C0148,Premium,Delhi,North,36-45,Organic
C0149,Premium,Jaipur,North,26-35,Referral
C0150,New,Jaipur,North,46-60,Referral
