inventory_event_id,timestamp,store_id,product_id,stock_before,quantity_change,stock_after,reorder_level,inventory_status
IE00001,2026-10-01 17:55:36,S007,P1009,131,30,161,15,IN_STOCK
IE00002,2026-10-01 18:56:05,S009,P1012,177,-20,157,25,IN_STOCK
IE00003,2026-10-01 11:38:16,S007,P1016,87,-10,77,25,IN_STOCK
IE00004,2026-10-01 09:23:01,S006,P1016,101,5,106,25,IN_STOCK
IE00005,2026-10-01 13:21:47,S011,P1020,113,-25,88,15,IN_STOCK
IE00006,2026-10-01 20:37:54,S005,P1018,80,10,90,25,IN_STOCK
IE00007,2026-10-01 17:03:13,S012,P1012,51,-20,31,20,IN_STOCK
IE00008,2026-10-01 14:28:39,S007,P1001,106,10,116,25,IN_STOCK
IE00009,2026-10-01 12:49:47,S002,P1025,158,-10,148,25,IN_STOCK
IE00010,2026-10-01 09:37:00,S003,P1015,28,5,33,30,IN_STOCK
IE00011,2026-10-01 16:31:03,S005,P1003,109,15,124,30,IN_STOCK
IE00012,2026-10-01 11:55:08,S006,P1023,145,10,155,15,IN_STOCK
IE00013,2026-10-01 15:24:19,S012,P1009,43,20,63,15,IN_STOCK
IE00014,2026-10-01 17:15:04,S007,P1020,122,20,142,25,IN_STOCK
IE00015,2026-10-01 20:28:17,S012,P1001,166,-25,141,20,IN_STOCK
IE00016,2026-10-01 16:17:37,S008,P1021,84,-15,69,15,IN_STOCK
IE00017,2026-10-01 19:28:56,S004,P1021,102,-5,97,25,IN_STOCK
IE00018,2026-10-01 18:24:00,S002,P1004,147,-15,132,20,IN_STOCK
IE00019,2026-10-01 14:48:52,S012,P1025,132,-15,117,30,IN_STOCK
IE00020,2026-10-01 12:09:29,S008,P1016,158,-15,143,25,IN_STOCK
IE00021,2026-10-01 12:36:59,S011,P1019,124,5,129,25,IN_STOCK
IE00022,2026-10-01 16:09:48,S002,P1014,44,5,49,20,IN_STOCK
IE00023,2026-10-01 09:25:05,S007,P1019,166,-10,156,15,IN_STOCK
IE00024,2026-10-01 10:37:11,S009,P1021,57,30,87,20,IN_STOCK
IE00025,2026-10-01 09:54:22,S008,P1007,141,-5,136,20,IN_STOCK
IE00026,2026-10-01 11:43:01,S007,P1020,142,10,152,25,IN_STOCK
IE00027,2026-10-01 09:15:25,S002,P1012,179,-15,164,15,IN_STOCK
IE00028,2026-10-01 17:59:44,S012,P1017,80,10,90,30,IN_STOCK
IE00029,2026-10-01 13:50:45,S002,P1008,174,-10,164,20,IN_STOCK
IE00030,2026-10-01 11:22:12,S005,P1024,49,15,64,30,IN_STOCK
IE00031,2026-10-01 14:09:04,S007,P1007,96,30,126,20,IN_STOCK
IE00032,2026-10-01 12:17:00,S012,P1022,64,-10,54,30,IN_STOCK
IE00033,2026-10-01 13:45:57,S007,P1005,62,-25,37,25,IN_STOCK
IE00034,2026-10-01 15:43:44,S004,P1020,92,15,107,20,IN_STOCK
IE00035,2026-10-01 09:11:16,S010,P1022,163,15,178,15,IN_STOCK
IE00036,2026-10-01 12:51:47,S008,P1005,165,5,170,30,IN_STOCK
IE00037,2026-10-01 10:19:47,S012,P1013,100,10,110,25,IN_STOCK
IE00038,2026-10-01 15:03:34,S002,P1018,139,-25,114,15,IN_STOCK
IE00039,2026-10-01 09:05:51,S004,P1016,171,5,176,15,IN_STOCK
IE00040,2026-10-01 14:30:25,S005,P1017,83,30,113,30,IN_STOCK
IE00041,2026-10-01 19:11:11,S007,P1022,179,5,184,20,IN_STOCK
IE00042,2026-10-01 12:05:32,S001,P1019,84,-15,69,25,IN_STOCK
IE00043,2026-10-01 11:24:05,S009,P1016,35,5,40,30,IN_STOCK
IE00044,2026-10-01 11:34:52,S002,P1011,97,20,117,30,IN_STOCK
IE00045,2026-10-01 11:19:40,S005,P1004,169,5,174,15,IN_STOCK
IE00046,2026-10-01 14:09:01,S008,P1009,73,5,78,30,IN_STOCK
IE00047,2026-10-01 16:55:58,S005,P1020,171,-5,166,25,IN_STOCK
IE00048,2026-10-01 19:06:56,S003,P1011,116,15,131,20,IN_STOCK
IE00049,2026-10-01 12:26:21,S011,P1021,43,15,58,15,IN_STOCK
IE00050,2026-10-01 09:39:10,S003,P1002,158,-10,148,20,IN_STOCK
IE00051,2026-10-01 16:56:41,S008,P1009,78,-15,63,30,IN_STOCK
IE00052,2026-10-01 15:29:24,S002,P1016,153,-25,128,30,IN_STOCK
IE00053,2026-10-01 17:58:28,S012,P1018,128,15,143,30,IN_STOCK
IE00054,2026-10-01 15:21:51,S002,P1024,86,-15,71,15,IN_STOCK
IE00055,2026-10-01 12:03:49,S002,P1007,117,-5,112,20,IN_STOCK
IE00056,2026-10-01 19:37:23,S012,P1017,90,-5,85,20,IN_STOCK
IE00057,2026-10-01 16:34:50,S001,P1017,47,30,77,20,IN_STOCK
IE00058,2026-10-01 14:58:58,S002,P1008,164,15,179,15,IN_STOCK
IE00059,2026-10-01 15:48:01,S001,P1010,174,-20,154,30,IN_STOCK
IE00060,2026-10-01 09:31:32,S010,P1004,72,5,77,20,IN_STOCK
IE00061,2026-10-01 20:26:19,S002,P1015,39,15,54,30,IN_STOCK
IE00062,2026-10-01 09:47:53,S005,P1020,166,-25,141,25,IN_STOCK
IE00063,2026-10-01 19:21:40,S011,P1020,88,15,103,25,IN_STOCK
IE00064,2026-10-01 14:52:59,S003,P1007,50,-25,25,25,LOW_STOCK
IE00065,2026-10-01 10:41:05,S001,P1024,54,-20,34,30,IN_STOCK
IE00066,2026-10-01 16:15:43,S007,P1009,161,-15,146,20,IN_STOCK
IE00067,2026-10-01 16:04:20,S002,P1001,45,-10,35,20,IN_STOCK
IE00068,2026-10-01 14:26:05,S007,P1010,71,-15,56,15,IN_STOCK
IE00069,2026-10-01 15:32:10,S008,P1014,96,-5,91,20,IN_STOCK
IE00070,2026-10-01 17:54:47,S011,P1004,54,5,59,20,IN_STOCK
IE00071,2026-10-01 19:15:00,S008,P1013,149,15,164,25,IN_STOCK
IE00072,2026-10-01 15:42:12,S010,P1014,49,-20,29,30,LOW_STOCK
IE00073,2026-10-01 10:41:31,S010,P1006,88,10,98,30,IN_STOCK
IE00074,2026-10-01 13:04:55,S001,P1017,77,5,82,30,IN_STOCK
IE00075,2026-10-01 18:35:55,S011,P1022,121,-15,106,30,IN_STOCK
IE00076,2026-10-01 14:17:31,S011,P1021,58,20,78,15,IN_STOCK
IE00077,2026-10-01 14:28:06,S008,P1014,91,-20,71,30,IN_STOCK
IE00078,2026-10-01 18:31:21,S003,P1005,28,-5,23,20,IN_STOCK
IE00079,2026-10-01 19:01:49,S007,P1010,56,30,86,15,IN_STOCK
IE00080,2026-10-01 18:17:46,S002,P1002,33,20,53,15,IN_STOCK
IE00081,2026-10-01 19:20:55,S007,P1014,74,-20,54,30,IN_STOCK
IE00082,2026-10-01 18:09:53,S005,P1012,111,-5,106,15,IN_STOCK
IE00083,2026-10-01 12:19:01,S001,P1004,168,15,183,20,IN_STOCK
IE00084,2026-10-01 14:25:06,S007,P1002,147,-20,127,30,IN_STOCK
IE00085,2026-10-01 20:21:22,S006,P1019,119,15,134,30,IN_STOCK
IE00086,2026-10-01 12:22:09,S005,P1011,108,-15,93,20,IN_STOCK
IE00087,2026-10-01 10:56:08,S002,P1024,71,30,101,25,IN_STOCK
IE00088,2026-10-01 16:11:22,S007,P1018,96,-25,71,15,IN_STOCK
IE00089,2026-10-01 17:22:37,S002,P1001,35,-15,20,30,LOW_STOCK
IE00090,2026-10-01 14:30:44,S012,P1013,110,30,140,30,IN_STOCK
IE00091,2026-10-01 14:30:34,S010,P1020,138,5,143,30,IN_STOCK
IE00092,2026-10-01 12:28:24,S002,P1005,26,-15,11,15,LOW_STOCK
IE00093,2026-10-01 12:48:32,S002,P1001,20,-10,10,15,LOW_STOCK
IE00094,2026-10-01 16:55:59,S008,P1021,69,-15,54,20,IN_STOCK
IE00095,2026-10-01 14:28:40,S011,P1018,36,-10,26,15,IN_STOCK
IE00096,2026-10-01 09:23:49,S008,P1005,170,15,185,30,IN_STOCK
IE00097,2026-10-01 17:49:48,S002,P1006,65,-15,50,30,IN_STOCK
IE00098,2026-10-01 12:39:54,S008,P1001,171,15,186,20,IN_STOCK
IE00099,2026-10-01 15:04:39,S005,P1019,99,10,109,15,IN_STOCK
IE00100,2026-10-01 18:01:26,S001,P1004,183,10,193,30,IN_STOCK
IE00101,2026-10-01 09:40:25,S012,P1019,75,30,105,25,IN_STOCK
IE00102,2026-10-01 13:13:18,S008,P1013,164,15,179,30,IN_STOCK
IE00103,2026-10-01 16:40:56,S012,P1002,148,20,168,15,IN_STOCK
IE00104,2026-10-01 13:52:33,S010,P1011,80,20,100,15,IN_STOCK
IE00105,2026-10-01 18:00:26,S011,P1014,41,15,56,15,IN_STOCK
IE00106,2026-10-01 16:56:28,S010,P1021,144,5,149,30,IN_STOCK
IE00107,2026-10-01 17:32:32,S001,P1006,89,-5,84,20,IN_STOCK
IE00108,2026-10-01 19:41:52,S006,P1015,25,-10,15,20,LOW_STOCK
IE00109,2026-10-01 11:23:15,S011,P1011,144,30,174,30,IN_STOCK
IE00110,2026-10-01 15:33:29,S005,P1024,64,10,74,30,IN_STOCK
IE00111,2026-10-01 14:08:31,S008,P1006,155,30,185,20,IN_STOCK
IE00112,2026-10-01 11:21:00,S012,P1024,90,-20,70,30,IN_STOCK
IE00113,2026-10-01 10:50:12,S003,P1007,25,-15,10,30,LOW_STOCK
IE00114,2026-10-01 12:48:45,S007,P1016,77,-5,72,20,IN_STOCK
IE00115,2026-10-01 13:44:52,S009,P1002,24,-25,0,25,OUT_OF_STOCK
IE00116,2026-10-01 18:09:55,S006,P1022,45,-15,30,20,IN_STOCK
IE00117,2026-10-01 11:04:29,S001,P1003,91,5,96,30,IN_STOCK
IE00118,2026-10-01 17:51:14,S010,P1008,61,-20,41,20,IN_STOCK
IE00119,2026-10-01 19:08:25,S005,P1011,93,5,98,15,IN_STOCK
IE00120,2026-10-01 09:55:04,S005,P1005,26,20,46,15,IN_STOCK
IE00121,2026-10-01 20:06:54,S008,P1015,130,-20,110,15,IN_STOCK
IE00122,2026-10-01 18:14:06,S010,P1004,77,20,97,15,IN_STOCK
IE00123,2026-10-01 15:35:00,S002,P1006,50,-20,30,20,IN_STOCK
IE00124,2026-10-01 18:12:34,S003,P1024,119,-5,114,30,IN_STOCK
IE00125,2026-10-01 20:46:47,S008,P1024,136,-20,116,20,IN_STOCK
IE00126,2026-10-01 12:40:31,S006,P1011,88,-15,73,15,IN_STOCK
IE00127,2026-10-01 17:37:22,S008,P1014,71,-25,46,20,IN_STOCK
IE00128,2026-10-01 10:33:05,S006,P1010,127,20,147,20,IN_STOCK
IE00129,2026-10-01 20:27:31,S005,P1012,106,10,116,25,IN_STOCK
IE00130,2026-10-01 13:09:14,S011,P1008,160,-15,145,30,IN_STOCK
IE00131,2026-10-01 17:21:04,S003,P1014,29,10,39,30,IN_STOCK
IE00132,2026-10-01 17:03:24,S009,P1022,81,5,86,15,IN_STOCK
IE00133,2026-10-01 10:32:36,S003,P1025,144,-25,119,15,IN_STOCK
IE00134,2026-10-01 16:54:07,S006,P1011,73,10,83,20,IN_STOCK
IE00135,2026-10-01 19:27:34,S001,P1013,150,-25,125,20,IN_STOCK
IE00136,2026-10-01 16:37:59,S001,P1021,147,20,167,25,IN_STOCK
IE00137,2026-10-01 14:42:38,S007,P1022,184,20,204,25,IN_STOCK
IE00138,2026-10-01 16:21:12,S006,P1001,63,-5,58,20,IN_STOCK
IE00139,2026-10-01 15:17:06,S008,P1021,54,-10,44,30,IN_STOCK
IE00140,2026-10-01 10:32:03,S011,P1013,34,-10,24,25,LOW_STOCK
IE00141,2026-10-01 11:17:37,S001,P1018,51,5,56,30,IN_STOCK
IE00142,2026-10-01 10:41:23,S009,P1018,71,-5,66,20,IN_STOCK
IE00143,2026-10-01 20:34:20,S009,P1018,66,-5,61,25,IN_STOCK
IE00144,2026-10-01 13:23:36,S003,P1001,107,-25,82,25,IN_STOCK
IE00145,2026-10-01 10:05:28,S005,P1024,74,10,84,15,IN_STOCK
IE00146,2026-10-01 11:15:14,S006,P1009,151,20,171,25,IN_STOCK
IE00147,2026-10-01 14:25:27,S001,P1025,27,-20,7,30,LOW_STOCK
IE00148,2026-10-01 15:10:15,S010,P1024,128,-25,103,30,IN_STOCK
IE00149,2026-10-01 15:22:39,S004,P1024,171,30,201,20,IN_STOCK
IE00150,2026-10-01 15:52:30,S005,P1010,129,30,159,20,IN_STOCK
IE00151,2026-10-01 14:58:05,S009,P1024,96,-10,86,15,IN_STOCK
IE00152,2026-10-01 17:16:13,S009,P1019,113,-10,103,25,IN_STOCK
IE00153,2026-10-01 10:29:30,S002,P1005,11,10,21,30,LOW_STOCK
IE00154,2026-10-01 17:40:11,S002,P1002,53,10,63,20,IN_STOCK
IE00155,2026-10-01 18:34:48,S004,P1015,146,-20,126,25,IN_STOCK
IE00156,2026-10-01 13:48:01,S007,P1019,156,20,176,30,IN_STOCK
IE00157,2026-10-01 17:54:42,S010,P1016,69,10,79,30,IN_STOCK
IE00158,2026-10-01 18:12:27,S012,P1014,104,-15,89,20,IN_STOCK
IE00159,2026-10-01 18:20:32,S003,P1016,65,15,80,20,IN_STOCK
IE00160,2026-10-01 17:37:01,S009,P1004,152,-10,142,30,IN_STOCK
IE00161,2026-10-01 11:09:43,S001,P1024,34,-15,19,25,LOW_STOCK
IE00162,2026-10-01 15:43:41,S010,P1014,29,-20,9,15,LOW_STOCK
IE00163,2026-10-01 11:08:36,S010,P1010,173,-25,148,20,IN_STOCK
IE00164,2026-10-01 14:21:06,S006,P1010,147,5,152,25,IN_STOCK
IE00165,2026-10-01 19:44:01,S008,P1001,186,-15,171,20,IN_STOCK
IE00166,2026-10-01 12:55:28,S007,P1002,127,-5,122,25,IN_STOCK
IE00167,2026-10-01 11:13:36,S003,P1024,114,15,129,15,IN_STOCK
IE00168,2026-10-01 16:36:06,S009,P1012,157,-20,137,15,IN_STOCK
IE00169,2026-10-01 15:08:59,S008,P1019,126,-5,121,30,IN_STOCK
IE00170,2026-10-01 11:31:18,S007,P1016,72,30,102,20,IN_STOCK
IE00171,2026-10-01 17:10:30,S009,P1021,87,15,102,30,IN_STOCK
IE00172,2026-10-01 20:22:24,S003,P1024,129,5,134,15,IN_STOCK
IE00173,2026-10-01 13:14:18,S011,P1020,103,10,113,30,IN_STOCK
IE00174,2026-10-01 17:03:58,S007,P1011,147,20,167,15,IN_STOCK
IE00175,2026-10-01 09:27:05,S012,P1009,63,-20,43,20,IN_STOCK
IE00176,2026-10-01 20:43:19,S010,P1021,149,-5,144,15,IN_STOCK
IE00177,2026-10-01 19:22:51,S009,P1003,180,-10,170,15,IN_STOCK
IE00178,2026-10-01 11:11:22,S009,P1007,147,15,162,15,IN_STOCK
IE00179,2026-10-01 14:00:19,S011,P1018,26,-15,11,15,LOW_STOCK
IE00180,2026-10-01 10:32:27,S004,P1008,141,30,171,30,IN_STOCK
IE00181,2026-10-01 19:43:13,S009,P1020,138,5,143,30,IN_STOCK
IE00182,2026-10-01 16:57:20,S001,P1016,136,-25,111,25,IN_STOCK
IE00183,2026-10-01 15:57:15,S003,P1014,39,-25,14,25,LOW_STOCK
IE00184,2026-10-01 18:51:46,S005,P1003,124,-20,104,15,IN_STOCK
IE00185,2026-10-01 13:39:08,S003,P1010,100,-15,85,20,IN_STOCK
IE00186,2026-10-01 12:04:48,S002,P1005,21,-5,16,30,LOW_STOCK
IE00187,2026-10-01 09:29:40,S001,P1020,145,5,150,20,IN_STOCK
IE00188,2026-10-01 10:47:51,S012,P1002,168,-5,163,30,IN_STOCK
IE00189,2026-10-01 13:41:43,S006,P1005,29,10,39,25,IN_STOCK
IE00190,2026-10-01 13:21:43,S007,P1004,106,-25,81,20,IN_STOCK
IE00191,2026-10-01 18:15:33,S010,P1019,99,-10,89,30,IN_STOCK
IE00192,2026-10-01 10:06:13,S009,P1013,131,-20,111,25,IN_STOCK
IE00193,2026-10-01 10:11:29,S006,P1015,15,20,35,30,IN_STOCK
IE00194,2026-10-01 09:20:20,S008,P1001,171,10,181,20,IN_STOCK
IE00195,2026-10-01 13:29:02,S005,P1018,90,30,120,15,IN_STOCK
IE00196,2026-10-01 19:20:40,S009,P1021,102,-15,87,25,IN_STOCK
IE00197,2026-10-01 11:35:30,S007,P1015,93,-20,73,20,IN_STOCK
IE00198,2026-10-01 18:47:07,S006,P1018,166,-15,151,20,IN_STOCK
IE00199,2026-10-01 09:01:05,S007,P1018,71,15,86,15,IN_STOCK
IE00200,2026-10-01 09:00:35,S008,P1020,122,-5,117,20,IN_STOCK
IE00201,2026-10-01 15:55:13,S001,P1016,111,-5,106,25,IN_STOCK
IE00202,2026-10-01 09:49:40,S006,P1021,166,-10,156,25,IN_STOCK
IE00203,2026-10-01 14:28:22,S003,P1024,134,20,154,15,IN_STOCK
IE00204,2026-10-01 19:07:49,S002,P1013,179,-20,159,20,IN_STOCK
IE00205,2026-10-01 15:14:14,S005,P1014,109,-10,99,25,IN_STOCK
IE00206,2026-10-01 13:28:37,S011,P1009,65,15,80,25,IN_STOCK
IE00207,2026-10-01 17:22:13,S011,P1011,174,5,179,20,IN_STOCK
IE00208,2026-10-01 20:46:05,S010,P1011,100,-25,75,20,IN_STOCK
IE00209,2026-10-01 09:10:27,S001,P1020,150,15,165,15,IN_STOCK
IE00210,2026-10-01 16:09:01,S011,P1006,86,10,96,30,IN_STOCK
IE00211,2026-10-01 17:06:15,S009,P1003,170,-20,150,15,IN_STOCK
IE00212,2026-10-01 19:56:47,S011,P1004,59,5,64,30,IN_STOCK
IE00213,2026-10-01 11:16:16,S006,P1013,140,-15,125,15,IN_STOCK
IE00214,2026-10-01 09:10:13,S008,P1012,97,-10,87,30,IN_STOCK
IE00215,2026-10-01 15:30:50,S004,P1024,201,-25,176,25,IN_STOCK
IE00216,2026-10-01 13:01:33,S004,P1003,145,30,175,25,IN_STOCK
IE00217,2026-10-01 14:06:39,S004,P1016,176,5,181,15,IN_STOCK
IE00218,2026-10-01 09:07:47,S008,P1023,151,30,181,20,IN_STOCK
IE00219,2026-10-01 14:02:56,S004,P1021,97,10,107,15,IN_STOCK
IE00220,2026-10-01 19:02:41,S010,P1017,27,15,42,20,IN_STOCK
IE00221,2026-10-01 10:11:23,S004,P1022,35,30,65,20,IN_STOCK
IE00222,2026-10-01 13:43:34,S010,P1005,125,-20,105,20,IN_STOCK
IE00223,2026-10-01 12:29:33,S010,P1008,41,20,61,25,IN_STOCK
IE00224,2026-10-01 19:11:47,S011,P1001,71,20,91,25,IN_STOCK
IE00225,2026-10-01 14:52:48,S008,P1001,181,10,191,15,IN_STOCK
IE00226,2026-10-01 18:26:06,S007,P1014,54,-5,49,15,IN_STOCK
IE00227,2026-10-01 13:05:15,S008,P1016,143,5,148,15,IN_STOCK
IE00228,2026-10-01 14:45:25,S001,P1009,141,10,151,30,IN_STOCK
IE00229,2026-10-01 10:29:21,S001,P1013,125,-10,115,25,IN_STOCK
IE00230,2026-10-01 10:21:18,S010,P1001,125,-10,115,30,IN_STOCK
IE00231,2026-10-01 14:39:28,S004,P1007,140,-15,125,25,IN_STOCK
IE00232,2026-10-01 17:44:15,S002,P1021,147,-20,127,15,IN_STOCK
IE00233,2026-10-01 13:33:30,S007,P1001,116,30,146,25,IN_STOCK
IE00234,2026-10-01 15:12:14,S004,P1004,161,15,176,20,IN_STOCK
IE00235,2026-10-01 10:19:38,S001,P1011,123,20,143,20,IN_STOCK
IE00236,2026-10-01 20:23:02,S010,P1020,143,15,158,15,IN_STOCK
IE00237,2026-10-01 10:06:17,S008,P1019,121,-20,101,15,IN_STOCK
IE00238,2026-10-01 11:19:18,S001,P1013,115,5,120,15,IN_STOCK
IE00239,2026-10-01 20:07:05,S001,P1015,57,-25,32,25,IN_STOCK
IE00240,2026-10-01 10:00:56,S011,P1014,56,-20,36,15,IN_STOCK
IE00241,2026-10-01 16:18:44,S009,P1002,0,-5,0,30,OUT_OF_STOCK
IE00242,2026-10-01 19:54:53,S002,P1020,95,10,105,20,IN_STOCK
IE00243,2026-10-01 15:59:20,S011,P1020,113,-25,88,30,IN_STOCK
IE00244,2026-10-01 15:10:57,S008,P1014,46,30,76,15,IN_STOCK
IE00245,2026-10-01 18:24:56,S011,P1022,106,-25,81,30,IN_STOCK
IE00246,2026-10-01 10:52:09,S006,P1019,134,-10,124,15,IN_STOCK
IE00247,2026-10-01 19:26:06,S001,P1020,165,-20,145,20,IN_STOCK
IE00248,2026-10-01 15:28:10,S003,P1021,130,20,150,25,IN_STOCK
IE00249,2026-10-01 12:23:04,S007,P1016,102,30,132,30,IN_STOCK
IE00250,2026-10-01 11:19:27,S004,P1005,158,-25,133,15,IN_STOCK
IE00251,2026-10-01 14:39:54,S005,P1019,109,10,119,25,IN_STOCK
IE00252,2026-10-01 17:32:50,S010,P1018,82,-15,67,20,IN_STOCK
IE00253,2026-10-01 15:42:51,S005,P1020,141,5,146,25,IN_STOCK
IE00254,2026-10-01 10:02:36,S001,P1017,82,30,112,20,IN_STOCK
IE00255,2026-10-01 16:41:00,S004,P1017,116,20,136,15,IN_STOCK
IE00256,2026-10-01 10:14:42,S006,P1007,128,-10,118,20,IN_STOCK
IE00257,2026-10-01 19:55:06,S006,P1007,118,15,133,30,IN_STOCK
IE00258,2026-10-01 20:12:56,S012,P1011,173,30,203,25,IN_STOCK
IE00259,2026-10-01 10:54:31,S005,P1014,99,5,104,20,IN_STOCK
IE00260,2026-10-01 09:04:02,S008,P1002,106,15,121,20,IN_STOCK
IE00261,2026-10-01 20:21:29,S011,P1008,145,-10,135,30,IN_STOCK
IE00262,2026-10-01 15:50:35,S004,P1008,171,15,186,25,IN_STOCK
IE00263,2026-10-01 15:36:17,S004,P1013,120,-15,105,15,IN_STOCK
IE00264,2026-10-01 19:05:52,S001,P1003,96,5,101,15,IN_STOCK
IE00265,2026-10-01 12:32:20,S002,P1005,16,-5,11,30,LOW_STOCK
IE00266,2026-10-01 09:32:25,S011,P1019,129,5,134,15,IN_STOCK
IE00267,2026-10-01 12:59:08,S004,P1007,125,-5,120,20,IN_STOCK
IE00268,2026-10-01 19:05:40,S005,P1024,84,-15,69,25,IN_STOCK
IE00269,2026-10-01 12:12:19,S004,P1006,166,-10,156,15,IN_STOCK
IE00270,2026-10-01 15:53:53,S005,P1004,174,-25,149,20,IN_STOCK
IE00271,2026-10-01 14:33:13,S011,P1004,64,5,69,20,IN_STOCK
IE00272,2026-10-01 12:07:10,S008,P1008,129,5,134,25,IN_STOCK
IE00273,2026-10-01 11:09:25,S009,P1020,143,10,153,15,IN_STOCK
IE00274,2026-10-01 18:41:41,S003,P1005,23,-10,13,20,LOW_STOCK
IE00275,2026-10-01 19:54:52,S007,P1023,43,5,48,25,IN_STOCK
IE00276,2026-10-01 20:12:52,S007,P1021,77,-10,67,15,IN_STOCK
IE00277,2026-10-01 11:42:16,S010,P1007,93,20,113,25,IN_STOCK
IE00278,2026-10-01 11:18:07,S006,P1008,165,-25,140,25,IN_STOCK
IE00279,2026-10-01 10:28:55,S009,P1019,103,15,118,20,IN_STOCK
IE00280,2026-10-01 12:02:52,S008,P1022,179,30,209,15,IN_STOCK
IE00281,2026-10-01 18:04:35,S009,P1013,111,20,131,25,IN_STOCK
IE00282,2026-10-01 15:48:22,S009,P1015,180,-15,165,25,IN_STOCK
IE00283,2026-10-01 17:37:28,S009,P1023,58,15,73,30,IN_STOCK
IE00284,2026-10-01 12:46:19,S005,P1019,119,10,129,15,IN_STOCK
IE00285,2026-10-01 16:12:25,S004,P1007,120,15,135,20,IN_STOCK
IE00286,2026-10-01 19:24:05,S004,P1010,60,10,70,30,IN_STOCK
IE00287,2026-10-01 11:26:43,S003,P1012,133,-5,128,15,IN_STOCK
IE00288,2026-10-01 13:11:24,S002,P1010,59,15,74,25,IN_STOCK
IE00289,2026-10-01 16:45:25,S010,P1002,101,15,116,25,IN_STOCK
IE00290,2026-10-01 15:41:25,S008,P1015,110,10,120,30,IN_STOCK
IE00291,2026-10-01 09:26:59,S008,P1011,39,-5,34,30,IN_STOCK
IE00292,2026-10-01 20:44:53,S003,P1015,33,-10,23,25,LOW_STOCK
IE00293,2026-10-01 18:08:03,S002,P1012,164,-20,144,25,IN_STOCK
IE00294,2026-10-01 13:08:45,S009,P1018,61,-20,41,25,IN_STOCK
IE00295,2026-10-01 09:41:48,S002,P1004,132,-20,112,25,IN_STOCK
IE00296,2026-10-01 14:59:37,S009,P1007,162,5,167,20,IN_STOCK
IE00297,2026-10-01 19:59:45,S005,P1010,159,-5,154,20,IN_STOCK
IE00298,2026-10-01 09:09:19,S003,P1025,119,20,139,25,IN_STOCK
IE00299,2026-10-01 16:23:11,S005,P1010,154,5,159,30,IN_STOCK
IE00300,2026-10-01 18:19:56,S010,P1025,29,-25,4,30,LOW_STOCK
IE00301,2026-10-01 12:49:14,S003,P1013,137,-10,127,20,IN_STOCK
IE00302,2026-10-01 17:23:58,S008,P1008,134,20,154,30,IN_STOCK
IE00303,2026-10-01 16:48:21,S006,P1003,157,5,162,20,IN_STOCK
IE00304,2026-10-01 17:11:29,S012,P1014,89,-10,79,30,IN_STOCK
IE00305,2026-10-01 19:30:47,S009,P1001,66,5,71,20,IN_STOCK
IE00306,2026-10-01 15:27:23,S003,P1010,85,-25,60,30,IN_STOCK
IE00307,2026-10-01 16:20:35,S006,P1008,140,10,150,30,IN_STOCK
IE00308,2026-10-01 19:41:06,S012,P1018,143,-5,138,25,IN_STOCK
IE00309,2026-10-01 11:47:52,S001,P1019,69,-25,44,20,IN_STOCK
IE00310,2026-10-01 15:56:30,S006,P1019,124,30,154,30,IN_STOCK
IE00311,2026-10-01 12:25:42,S004,P1013,105,-20,85,30,IN_STOCK
IE00312,2026-10-01 20:37:57,S008,P1004,37,5,42,30,IN_STOCK
IE00313,2026-10-01 19:03:55,S005,P1003,104,-15,89,15,IN_STOCK
IE00314,2026-10-01 09:29:18,S003,P1002,148,30,178,30,IN_STOCK
IE00315,2026-10-01 14:10:00,S003,P1007,10,-20,0,30,OUT_OF_STOCK
IE00316,2026-10-01 17:16:36,S004,P1008,186,-5,181,15,IN_STOCK
IE00317,2026-10-01 12:07:40,S001,P1012,144,20,164,15,IN_STOCK
IE00318,2026-10-01 11:00:57,S006,P1014,170,10,180,20,IN_STOCK
IE00319,2026-10-01 10:15:06,S003,P1018,97,10,107,30,IN_STOCK
IE00320,2026-10-01 14:38:20,S007,P1007,126,-15,111,20,IN_STOCK
IE00321,2026-10-01 19:59:24,S007,P1023,48,15,63,20,IN_STOCK
IE00322,2026-10-01 18:08:50,S010,P1010,148,30,178,20,IN_STOCK
IE00323,2026-10-01 12:40:18,S012,P1022,54,15,69,25,IN_STOCK
IE00324,2026-10-01 16:16:04,S001,P1005,171,15,186,15,IN_STOCK
IE00325,2026-10-01 19:21:44,S010,P1008,61,20,81,25,IN_STOCK
IE00326,2026-10-01 10:39:30,S008,P1015,120,15,135,15,IN_STOCK
IE00327,2026-10-01 14:24:53,S005,P1021,41,15,56,25,IN_STOCK
IE00328,2026-10-01 13:32:07,S007,P1020,152,-15,137,30,IN_STOCK
IE00329,2026-10-01 16:00:09,S003,P1020,145,10,155,30,IN_STOCK
IE00330,2026-10-01 16:09:51,S011,P1006,96,30,126,15,IN_STOCK
IE00331,2026-10-01 13:59:02,S012,P1002,163,-10,153,20,IN_STOCK
IE00332,2026-10-01 12:57:18,S011,P1018,11,-5,6,15,LOW_STOCK
IE00333,2026-10-01 15:42:45,S008,P1014,76,20,96,15,IN_STOCK
IE00334,2026-10-01 16:27:56,S002,P1025,148,-20,128,25,IN_STOCK
IE00335,2026-10-01 18:12:45,S008,P1006,185,-5,180,20,IN_STOCK
IE00336,2026-10-01 20:37:48,S001,P1015,32,-25,7,15,LOW_STOCK
IE00337,2026-10-01 15:15:21,S012,P1022,69,15,84,30,IN_STOCK
IE00338,2026-10-01 09:41:15,S012,P1013,140,-10,130,30,IN_STOCK
IE00339,2026-10-01 14:57:17,S001,P1009,151,-20,131,20,IN_STOCK
IE00340,2026-10-01 17:23:55,S011,P1024,80,15,95,30,IN_STOCK
IE00341,2026-10-01 16:58:06,S002,P1003,37,20,57,20,IN_STOCK
IE00342,2026-10-01 12:06:19,S003,P1016,80,-5,75,20,IN_STOCK
IE00343,2026-10-01 14:21:17,S001,P1020,145,-20,125,20,IN_STOCK
IE00344,2026-10-01 10:24:44,S002,P1018,114,10,124,20,IN_STOCK
IE00345,2026-10-01 11:47:39,S011,P1025,48,-25,23,25,LOW_STOCK
IE00346,2026-10-01 09:37:37,S008,P1012,87,-15,72,20,IN_STOCK
IE00347,2026-10-01 09:52:09,S011,P1018,6,-10,0,30,OUT_OF_STOCK
IE00348,2026-10-01 14:36:46,S011,P1017,96,-20,76,30,IN_STOCK
IE00349,2026-10-01 09:53:09,S008,P1002,121,30,151,15,IN_STOCK
IE00350,2026-10-01 15:49:12,S007,P1025,44,-10,34,20,IN_STOCK
IE00351,2026-10-01 16:40:35,S004,P1007,135,-20,115,15,IN_STOCK
IE00352,2026-10-01 10:09:00,S001,P1001,128,5,133,20,IN_STOCK
IE00353,2026-10-01 09:48:04,S004,P1004,176,-15,161,20,IN_STOCK
IE00354,2026-10-01 14:52:27,S007,P1017,32,-20,12,25,LOW_STOCK
IE00355,2026-10-01 18:51:41,S009,P1021,87,-10,77,20,IN_STOCK
IE00356,2026-10-01 12:53:30,S007,P1014,49,-20,29,20,IN_STOCK
IE00357,2026-10-01 09:16:22,S002,P1012,144,5,149,20,IN_STOCK
IE00358,2026-10-01 16:05:05,S007,P1021,67,5,72,15,IN_STOCK
IE00359,2026-10-01 14:04:08,S004,P1015,126,-10,116,15,IN_STOCK
IE00360,2026-10-01 10:13:32,S011,P1020,88,5,93,15,IN_STOCK
IE00361,2026-10-01 10:51:12,S004,P1014,87,-5,82,30,IN_STOCK
IE00362,2026-10-01 13:35:11,S012,P1018,138,30,168,20,IN_STOCK
IE00363,2026-10-01 11:25:11,S002,P1020,105,5,110,30,IN_STOCK
IE00364,2026-10-01 10:13:44,S006,P1006,137,5,142,30,IN_STOCK
IE00365,2026-10-01 15:57:39,S006,P1001,58,30,88,30,IN_STOCK
IE00366,2026-10-01 13:14:04,S009,P1021,77,-10,67,15,IN_STOCK
IE00367,2026-10-01 13:18:12,S001,P1020,125,-20,105,25,IN_STOCK
IE00368,2026-10-01 10:05:27,S012,P1014,79,-10,69,15,IN_STOCK
IE00369,2026-10-01 12:40:39,S003,P1012,128,15,143,25,IN_STOCK
IE00370,2026-10-01 13:20:01,S003,P1013,127,-10,117,15,IN_STOCK
IE00371,2026-10-01 11:26:39,S012,P1020,56,15,71,25,IN_STOCK
IE00372,2026-10-01 20:47:50,S005,P1011,98,-25,73,30,IN_STOCK
IE00373,2026-10-01 15:01:50,S005,P1025,106,-25,81,20,IN_STOCK
IE00374,2026-10-01 13:31:15,S006,P1008,150,-10,140,15,IN_STOCK
IE00375,2026-10-01 18:29:35,S011,P1023,55,-10,45,30,IN_STOCK
IE00376,2026-10-01 10:10:34,S006,P1006,142,15,157,15,IN_STOCK
IE00377,2026-10-01 20:32:53,S008,P1003,89,-10,79,15,IN_STOCK
IE00378,2026-10-01 12:09:42,S003,P1007,0,-15,0,15,OUT_OF_STOCK
IE00379,2026-10-01 18:14:14,S010,P1018,67,-10,57,20,IN_STOCK
IE00380,2026-10-01 11:59:18,S002,P1014,49,15,64,25,IN_STOCK
IE00381,2026-10-01 12:12:42,S012,P1007,84,-10,74,30,IN_STOCK
IE00382,2026-10-01 19:29:36,S010,P1008,81,-5,76,25,IN_STOCK
IE00383,2026-10-01 17:45:34,S008,P1021,44,-10,34,25,IN_STOCK
IE00384,2026-10-01 12:03:14,S002,P1012,149,10,159,30,IN_STOCK
IE00385,2026-10-01 11:50:15,S008,P1015,135,10,145,30,IN_STOCK
IE00386,2026-10-01 10:30:54,S008,P1001,191,10,201,30,IN_STOCK
IE00387,2026-10-01 19:03:51,S005,P1020,146,20,166,20,IN_STOCK
IE00388,2026-10-01 17:26:25,S012,P1006,154,-5,149,30,IN_STOCK
IE00389,2026-10-01 19:14:00,S005,P1015,34,-5,29,30,LOW_STOCK
IE00390,2026-10-01 11:29:15,S010,P1016,79,-20,59,25,IN_STOCK
IE00391,2026-10-01 12:27:07,S012,P1016,119,-10,109,20,IN_STOCK
IE00392,2026-10-01 17:56:47,S001,P1001,133,20,153,25,IN_STOCK
IE00393,2026-10-01 15:59:28,S007,P1014,29,10,39,25,IN_STOCK
IE00394,2026-10-01 16:26:30,S008,P1010,108,30,138,15,IN_STOCK
IE00395,2026-10-01 12:32:08,S001,P1004,193,10,203,20,IN_STOCK
IE00396,2026-10-01 20:33:34,S007,P1009,146,5,151,30,IN_STOCK
IE00397,2026-10-01 16:43:09,S012,P1012,31,-25,6,30,LOW_STOCK
IE00398,2026-10-01 09:37:41,S012,P1008,147,-10,137,30,IN_STOCK
IE00399,2026-10-01 13:45:26,S006,P1021,156,-25,131,20,IN_STOCK
IE00400,2026-10-01 13:30:14,S010,P1015,58,-15,43,25,IN_STOCK
IE00401,2026-10-01 11:07:30,S010,P1019,89,-15,74,15,IN_STOCK
IE00402,2026-10-01 19:40:14,S002,P1021,127,10,137,30,IN_STOCK
IE00403,2026-10-01 12:01:07,S002,P1017,146,-10,136,30,IN_STOCK
IE00404,2026-10-01 19:40:09,S007,P1009,151,-5,146,30,IN_STOCK
IE00405,2026-10-01 10:59:21,S005,P1024,69,10,79,15,IN_STOCK
IE00406,2026-10-01 13:53:50,S011,P1019,134,5,139,20,IN_STOCK
IE00407,2026-10-01 09:07:00,S012,P1007,74,10,84,25,IN_STOCK
IE00408,2026-10-01 10:16:17,S003,P1016,75,-25,50,15,IN_STOCK
IE00409,2026-10-01 14:14:56,S012,P1014,69,20,89,30,IN_STOCK
IE00410,2026-10-01 15:49:13,S012,P1014,89,-15,74,20,IN_STOCK
IE00411,2026-10-01 17:51:21,S003,P1023,99,-15,84,20,IN_STOCK
IE00412,2026-10-01 19:19:24,S003,P1017,162,-20,142,30,IN_STOCK
IE00413,2026-10-01 12:19:35,S004,P1006,156,-10,146,15,IN_STOCK
IE00414,2026-10-01 20:24:40,S004,P1009,163,10,173,30,IN_STOCK
IE00415,2026-10-01 14:20:10,S010,P1004,97,-15,82,15,IN_STOCK
IE00416,2026-10-01 10:10:11,S002,P1013,159,-20,139,25,IN_STOCK
IE00417,2026-10-01 17:41:59,S006,P1001,88,30,118,20,IN_STOCK
IE00418,2026-10-01 10:06:41,S008,P1022,209,-20,189,15,IN_STOCK
IE00419,2026-10-01 10:45:46,S005,P1025,81,-25,56,15,IN_STOCK
IE00420,2026-10-01 19:58:37,S004,P1017,136,-25,111,30,IN_STOCK
IE00421,2026-10-01 17:36:53,S009,P1025,131,-5,126,30,IN_STOCK
IE00422,2026-10-01 15:44:59,S006,P1020,102,10,112,25,IN_STOCK
IE00423,2026-10-01 15:34:32,S011,P1011,179,5,184,20,IN_STOCK
IE00424,2026-10-01 15:28:52,S011,P1013,24,10,34,15,IN_STOCK
IE00425,2026-10-01 16:18:52,S006,P1004,103,-25,78,30,IN_STOCK
IE00426,2026-10-01 18:39:35,S012,P1005,168,-25,143,15,IN_STOCK
IE00427,2026-10-01 17:13:36,S005,P1023,98,-10,88,25,IN_STOCK
IE00428,2026-10-01 12:25:16,S010,P1022,178,15,193,30,IN_STOCK
IE00429,2026-10-01 20:32:15,S001,P1021,167,5,172,15,IN_STOCK
IE00430,2026-10-01 13:15:06,S006,P1002,25,5,30,30,LOW_STOCK
IE00431,2026-10-01 15:20:28,S010,P1016,59,10,69,15,IN_STOCK
IE00432,2026-10-01 14:20:58,S007,P1016,132,-20,112,30,IN_STOCK
IE00433,2026-10-01 11:19:39,S010,P1007,113,-15,98,15,IN_STOCK
IE00434,2026-10-01 12:03:33,S008,P1003,79,-5,74,30,IN_STOCK
IE00435,2026-10-01 13:25:48,S008,P1004,42,15,57,20,IN_STOCK
IE00436,2026-10-01 16:55:01,S004,P1006,146,-20,126,15,IN_STOCK
IE00437,2026-10-01 15:58:52,S012,P1001,141,-15,126,25,IN_STOCK
IE00438,2026-10-01 11:14:27,S005,P1008,117,-5,112,30,IN_STOCK
IE00439,2026-10-01 10:38:47,S011,P1005,27,20,47,30,IN_STOCK
IE00440,2026-10-01 20:43:24,S012,P1011,203,-10,193,15,IN_STOCK
IE00441,2026-10-01 13:14:53,S006,P1013,125,10,135,30,IN_STOCK
IE00442,2026-10-01 10:35:46,S004,P1009,173,-20,153,25,IN_STOCK
IE00443,2026-10-01 11:06:49,S002,P1003,57,5,62,20,IN_STOCK
IE00444,2026-10-01 15:55:16,S010,P1012,123,-15,108,25,IN_STOCK
IE00445,2026-10-01 10:07:35,S010,P1024,103,-25,78,25,IN_STOCK
IE00446,2026-10-01 16:42:47,S010,P1018,57,-10,47,30,IN_STOCK
IE00447,2026-10-01 18:27:42,S006,P1025,72,5,77,20,IN_STOCK
IE00448,2026-10-01 10:56:25,S011,P1020,93,30,123,20,IN_STOCK
IE00449,2026-10-01 14:45:04,S007,P1001,146,20,166,30,IN_STOCK
IE00450,2026-10-01 17:17:50,S003,P1010,60,-10,50,30,IN_STOCK
IE00451,2026-10-01 09:37:30,S003,P1020,155,-5,150,20,IN_STOCK
IE00452,2026-10-01 13:58:40,S010,P1011,75,-5,70,15,IN_STOCK
IE00453,2026-10-01 18:00:41,S012,P1019,105,15,120,20,IN_STOCK
IE00454,2026-10-01 15:03:52,S005,P1023,88,10,98,15,IN_STOCK
IE00455,2026-10-01 09:57:24,S003,P1023,84,-10,74,20,IN_STOCK
IE00456,2026-10-01 11:53:52,S003,P1016,50,10,60,25,IN_STOCK
IE00457,2026-10-01 16:41:24,S001,P1018,56,10,66,25,IN_STOCK
IE00458,2026-10-01 16:07:08,S011,P1016,174,5,179,30,IN_STOCK
IE00459,2026-10-01 12:33:05,S002,P1017,136,-5,131,25,IN_STOCK
IE00460,2026-10-01 11:22:58,S012,P1018,168,10,178,15,IN_STOCK
IE00461,2026-10-01 14:32:07,S006,P1025,77,30,107,15,IN_STOCK
IE00462,2026-10-01 17:02:39,S008,P1021,34,-15,19,20,LOW_STOCK
IE00463,2026-10-01 12:49:07,S012,P1016,109,-5,104,20,IN_STOCK
IE00464,2026-10-01 15:35:38,S004,P1024,176,-10,166,15,IN_STOCK
IE00465,2026-10-01 15:51:17,S012,P1019,120,-20,100,20,IN_STOCK
IE00466,2026-10-01 10:44:54,S007,P1022,204,-15,189,15,IN_STOCK
IE00467,2026-10-01 11:08:10,S006,P1016,106,-15,91,15,IN_STOCK
IE00468,2026-10-01 11:42:16,S009,P1021,67,5,72,30,IN_STOCK
IE00469,2026-10-01 09:37:07,S011,P1024,95,10,105,20,IN_STOCK
IE00470,2026-10-01 14:30:37,S002,P1008,179,10,189,30,IN_STOCK
IE00471,2026-10-01 10:37:52,S012,P1020,71,-15,56,30,IN_STOCK
IE00472,2026-10-01 20:30:40,S008,P1021,19,10,29,25,IN_STOCK
IE00473,2026-10-01 11:11:04,S011,P1015,100,5,105,15,IN_STOCK
IE00474,2026-10-01 20:40:35,S002,P1003,62,-20,42,30,IN_STOCK
IE00475,2026-10-01 19:40:59,S011,P1017,76,-10,66,15,IN_STOCK
IE00476,2026-10-01 10:43:16,S010,P1019,74,15,89,25,IN_STOCK
IE00477,2026-10-01 20:44:04,S010,P1006,98,10,108,30,IN_STOCK
IE00478,2026-10-01 10:48:36,S012,P1014,74,-5,69,20,IN_STOCK
IE00479,2026-10-01 16:22:43,S006,P1003,162,20,182,20,IN_STOCK
IE00480,2026-10-01 10:09:49,S012,P1001,126,10,136,30,IN_STOCK
IE00481,2026-10-01 12:46:36,S009,P1019,118,20,138,15,IN_STOCK
IE00482,2026-10-01 09:05:48,S011,P1004,69,-15,54,20,IN_STOCK
IE00483,2026-10-01 09:42:45,S009,P1015,165,5,170,15,IN_STOCK
IE00484,2026-10-01 10:35:55,S003,P1019,62,-10,52,20,IN_STOCK
IE00485,2026-10-01 11:16:13,S009,P1009,139,-25,114,15,IN_STOCK
IE00486,2026-10-01 16:42:05,S009,P1010,88,5,93,20,IN_STOCK
IE00487,2026-10-01 09:50:25,S011,P1001,91,-10,81,25,IN_STOCK
IE00488,2026-10-01 11:32:45,S009,P1010,93,20,113,30,IN_STOCK
IE00489,2026-10-01 20:02:06,S010,P1016,69,5,74,25,IN_STOCK
IE00490,2026-10-01 09:48:51,S009,P1017,153,-10,143,15,IN_STOCK
IE00491,2026-10-01 14:27:21,S004,P1002,165,-10,155,20,IN_STOCK
IE00492,2026-10-01 19:46:23,S004,P1005,133,30,163,20,IN_STOCK
IE00493,2026-10-01 10:21:13,S006,P1009,171,-15,156,30,IN_STOCK
IE00494,2026-10-01 11:58:23,S009,P1009,114,-5,109,30,IN_STOCK
IE00495,2026-10-01 16:44:35,S007,P1015,73,-20,53,25,IN_STOCK
IE00496,2026-10-01 10:17:04,S012,P1005,143,20,163,20,IN_STOCK
IE00497,2026-10-01 15:46:28,S011,P1024,105,-5,100,20,IN_STOCK
IE00498,2026-10-01 16:38:24,S010,P1022,193,20,213,20,IN_STOCK
IE00499,2026-10-01 09:28:18,S003,P1011,131,10,141,30,IN_STOCK
IE00500,2026-10-01 11:16:07,S010,P1008,76,-20,56,25,IN_STOCK
