return_event_id,timestamp,order_id,customer_id,product_id,store_id,region,quantity_returned,refund_amount,return_reason
RE00001,2026-10-04 02:27:19,O00273,C0030,P1009,S009,West,3,20997.0,Wrong Item
RE00002,2026-10-04 07:21:22,O00057,C0034,P1001,S006,North,3,7497.0,Wrong Item
RE00003,2026-10-02 04:17:43,O00351,C0023,P1023,S011,North,1,399.0,Changed Mind
RE00004,2026-10-04 10:38:10,O00281,C0097,P1015,S002,South,1,799.2,Changed Mind
RE00005,2026-10-03 21:56:26,O00209,C0136,P1005,S007,South,1,999.0,Quality Issue
RE00006,2026-10-02 08:48:36,O00034,C0092,P1012,S007,South,1,1349.1,Changed Mind
RE00007,2026-10-03 09:59:39,O00169,C0124,P1007,S004,West,1,4499.0,Wrong Item
RE00008,2026-10-03 07:45:30,O00328,C0141,P1008,S002,South,1,1439.2,Changed Mind
RE00009,2026-10-03 01:05:17,O00046,C0094,P1003,S007,South,1,2699.1,Changed Mind
RE00010,2026-10-01 15:23:33,O00186,C0003,P1009,S011,North,1,6999.0,Size/Specification
RE00011,2026-10-03 01:00:53,O00466,C0054,P1022,S011,North,2,558.4,Changed Mind
RE00012,2026-10-04 02:02:37,O00171,C0147,P1022,S009,West,1,331.55,Size/Specification
RE00013,2026-10-02 03:25:58,O00399,C0019,P1016,S004,West,2,1438.4,Changed Mind
RE00014,2026-10-04 00:19:09,O00140,C0089,P1005,S009,West,1,999.0,Changed Mind
RE00015,2026-10-03 09:46:43,O00075,C0070,P1015,S011,North,1,899.1,Damaged
RE00016,2026-10-03 17:30:47,O00445,C0052,P1007,S010,Central,1,3824.15,Wrong Item
RE00017,2026-10-03 17:39:35,O00409,C0034,P1007,S012,South,1,4049.1,Damaged
RE00018,2026-10-03 20:44:55,O00116,C0135,P1018,S009,West,1,539.1,Quality Issue
RE00019,2026-10-02 00:19:55,O00141,C0015,P1004,S009,West,1,1499.0,Size/Specification
RE00020,2026-10-03 15:08:40,O00006,C0021,P1006,S004,West,1,5499.0,Damaged
RE00021,2026-10-01 12:12:54,O00051,C0040,P1014,S011,North,1,1899.05,Wrong Item
RE00022,2026-10-02 23:35:03,O00194,C0006,P1013,S005,Central,3,5862.45,Wrong Item
RE00023,2026-10-03 15:41:57,O00114,C0132,P1019,S004,West,2,1098.0,Changed Mind
RE00024,2026-10-03 20:18:41,O00479,C0085,P1012,S003,East,2,2998.0,Quality Issue
RE00025,2026-10-04 08:17:20,O00054,C0006,P1002,S006,North,1,3999.0,Changed Mind
RE00026,2026-10-04 04:28:36,O00401,C0037,P1011,S012,South,1,3299.0,Quality Issue
RE00027,2026-10-02 15:11:37,O00474,C0096,P1001,S009,West,1,2499.0,Changed Mind
RE00028,2026-10-03 19:31:01,O00064,C0056,P1014,S008,East,3,5697.15,Damaged
RE00029,2026-10-02 14:07:35,O00090,C0074,P1003,S011,North,2,4798.4,Damaged
RE00030,2026-10-03 05:22:58,O00270,C0105,P1022,S008,East,1,279.2,Damaged
RE00031,2026-10-03 21:48:41,O00373,C0026,P1010,S009,West,1,854.05,Quality Issue
RE00032,2026-10-02 01:36:21,O00449,C0069,P1025,S003,East,3,1527.45,Wrong Item
RE00033,2026-10-04 03:43:00,O00157,C0033,P1004,S007,South,1,1499.0,Changed Mind
RE00034,2026-10-03 23:08:03,O00302,C0040,P1009,S002,South,1,6299.1,Quality Issue
RE00035,2026-10-04 11:56:42,O00421,C0044,P1011,S006,North,3,8907.3,Wrong Item
RE00036,2026-10-03 23:47:20,O00414,C0131,P1024,S010,Central,1,799.0,Size/Specification
RE00037,2026-10-02 08:56:19,O00251,C0123,P1019,S007,South,2,878.4,Damaged
RE00038,2026-10-01 14:09:56,O00049,C0030,P1005,S001,North,1,999.0,Wrong Item
RE00039,2026-10-03 13:24:09,O00271,C0145,P1001,S004,West,1,2499.0,Size/Specification
RE00040,2026-10-02 21:13:53,O00179,C0102,P1016,S003,East,1,719.2,Damaged
RE00041,2026-10-04 01:28:38,O00359,C0068,P1022,S005,Central,1,349.0,Size/Specification
RE00042,2026-10-04 00:55:10,O00293,C0106,P1020,S011,North,1,2499.0,Quality Issue
RE00043,2026-10-03 09:29:45,O00444,C0132,P1010,S012,South,2,1798.0,Quality Issue
RE00044,2026-10-03 20:25:26,O00145,C0054,P1025,S010,Central,1,509.15,Wrong Item
RE00045,2026-10-04 10:41:08,O00283,C0092,P1003,S009,West,1,2849.05,Wrong Item
RE00046,2026-10-03 01:16:59,O00139,C0148,P1003,S003,East,2,5098.3,Damaged
RE00047,2026-10-03 01:22:14,O00312,C0010,P1018,S012,South,2,1138.1,Quality Issue
RE00048,2026-10-04 10:20:42,O00480,C0050,P1011,S008,East,1,2969.1,Damaged
RE00049,2026-10-02 11:36:13,O00025,C0115,P1018,S008,East,1,539.1,Size/Specification
RE00050,2026-10-02 18:05:20,O00088,C0081,P1005,S008,East,1,949.05,Damaged
RE00051,2026-10-03 17:51:32,O00163,C0122,P1009,S011,North,1,5599.2,Damaged
RE00052,2026-10-02 20:05:39,O00385,C0013,P1006,S010,Central,2,10998.0,Wrong Item
RE00053,2026-10-01 17:44:08,O00200,C0089,P1005,S005,Central,1,849.15,Size/Specification
RE00054,2026-10-02 00:12:30,O00093,C0022,P1017,S011,North,1,699.0,Damaged
RE00055,2026-10-03 19:10:50,O00177,C0083,P1010,S011,North,1,719.2,Size/Specification
RE00056,2026-10-03 01:45:49,O00413,C0026,P1022,S009,West,1,314.1,Wrong Item
RE00057,2026-10-04 01:58:31,O00380,C0035,P1025,S009,West,2,1198.0,Quality Issue
RE00058,2026-10-04 12:13:08,O00348,C0045,P1013,S005,Central,1,2299.0,Quality Issue
RE00059,2026-10-03 10:33:06,O00404,C0123,P1013,S001,North,1,2299.0,Damaged
RE00060,2026-10-03 20:49:02,O00500,C0145,P1021,S001,North,2,763.3,Changed Mind
RE00061,2026-10-04 02:46:16,O00456,C0143,P1009,S003,East,1,5599.2,Wrong Item
RE00062,2026-10-02 00:12:16,O00305,C0015,P1010,S011,North,2,1528.3,Wrong Item
RE00063,2026-10-01 21:18:02,O00436,C0030,P1004,S011,North,1,1499.0,Damaged
RE00064,2026-10-02 18:53:49,O00207,C0105,P1005,S005,Central,1,799.2,Changed Mind
RE00065,2026-10-03 03:47:43,O00245,C0111,P1021,S010,Central,1,449.0,Size/Specification
RE00066,2026-10-04 01:11:07,O00304,C0112,P1024,S004,West,1,799.0,Wrong Item
RE00067,2026-10-04 02:34:17,O00066,C0024,P1003,S002,South,1,2549.15,Changed Mind
RE00068,2026-10-03 04:09:04,O00133,C0068,P1025,S005,Central,2,1198.0,Damaged
RE00069,2026-10-01 12:07:18,O00005,C0016,P1020,S012,South,1,1999.2,Size/Specification
RE00070,2026-10-03 13:18:46,O00352,C0064,P1023,S002,South,1,319.2,Changed Mind
RE00071,2026-10-04 12:12:42,O00263,C0138,P1006,S006,North,1,5224.05,Size/Specification
RE00072,2026-10-03 01:39:06,O00366,C0134,P1014,S009,West,2,3798.1,Changed Mind
RE00073,2026-10-03 13:53:49,O00080,C0019,P1013,S012,South,1,2299.0,Damaged
RE00074,2026-10-02 10:58:14,O00337,C0047,P1001,S006,North,1,2499.0,Size/Specification
RE00075,2026-10-01 17:32:28,O00065,C0025,P1011,S007,South,1,3299.0,Size/Specification
RE00076,2026-10-02 12:45:00,O00074,C0146,P1020,S002,South,3,7497.0,Wrong Item
RE00077,2026-10-04 07:15:48,O00477,C0030,P1006,S011,North,3,13197.6,Damaged
RE00078,2026-10-04 14:53:03,O00291,C0081,P1012,S005,Central,1,1199.2,Size/Specification
RE00079,2026-10-03 09:54:25,O00377,C0035,P1010,S012,South,1,719.2,Quality Issue
RE00080,2026-10-04 10:14:40,O00137,C0093,P1018,S010,Central,1,479.2,Wrong Item
RE00081,2026-10-02 03:39:46,O00028,C0010,P1005,S009,West,1,999.0,Wrong Item
RE00082,2026-10-04 17:47:48,O00372,C0107,P1005,S003,East,2,1798.2,Changed Mind
RE00083,2026-10-03 20:38:29,O00493,C0097,P1021,S007,South,1,381.65,Quality Issue
RE00084,2026-10-03 22:29:14,O00190,C0021,P1017,S008,East,1,699.0,Damaged
RE00085,2026-10-04 00:34:17,O00363,C0048,P1012,S007,South,1,1424.05,Size/Specification
RE00086,2026-10-02 19:31:35,O00488,C0024,P1013,S006,North,1,1954.15,Size/Specification
RE00087,2026-10-02 06:01:52,O00128,C0015,P1003,S011,North,2,5998.0,Changed Mind
RE00088,2026-10-02 04:28:03,O00443,C0064,P1009,S007,South,1,6999.0,Wrong Item
RE00089,2026-10-04 12:43:22,O00454,C0140,P1024,S010,Central,1,679.15,Size/Specification
RE00090,2026-10-02 13:04:55,O00215,C0120,P1004,S012,South,1,1199.2,Quality Issue
RE00091,2026-10-03 20:33:06,O00362,C0079,P1013,S008,East,2,3908.3,Quality Issue
RE00092,2026-10-02 18:33:32,O00235,C0092,P1018,S007,South,1,509.15,Wrong Item
RE00093,2026-10-02 09:13:34,O00094,C0134,P1020,S003,East,1,2499.0,Size/Specification
RE00094,2026-10-01 17:19:01,O00225,C0135,P1005,S004,West,1,899.1,Size/Specification
RE00095,2026-10-04 07:18:40,O00182,C0066,P1023,S003,East,1,399.0,Size/Specification
RE00096,2026-10-03 06:40:35,O00240,C0075,P1014,S007,South,2,3398.3,Wrong Item
RE00097,2026-10-03 03:05:49,O00258,C0113,P1024,S012,South,1,799.0,Size/Specification
RE00098,2026-10-02 11:28:28,O00147,C0016,P1006,S008,East,1,5224.05,Wrong Item
RE00099,2026-10-04 10:21:45,O00142,C0133,P1010,S002,South,1,764.15,Wrong Item
RE00100,2026-10-01 21:11:42,O00220,C0048,P1018,S011,North,3,1617.3,Wrong Item
RE00101,2026-10-02 10:18:26,O00267,C0108,P1020,S003,East,2,4748.1,Changed Mind
RE00102,2026-10-03 02:41:33,O00368,C0031,P1025,S008,East,1,599.0,Wrong Item
RE00103,2026-10-01 13:47:59,O00118,C0089,P1008,S012,South,1,1799.0,Changed Mind
RE00104,2026-10-03 15:03:03,O00468,C0118,P1023,S006,North,1,399.0,Damaged
RE00105,2026-10-02 11:42:05,O00326,C0011,P1007,S006,North,1,3824.15,Quality Issue
RE00106,2026-10-03 05:04:28,O00045,C0120,P1003,S003,East,2,5998.0,Damaged
RE00107,2026-10-01 21:23:15,O00397,C0091,P1008,S012,South,3,5127.15,Changed Mind
RE00108,2026-10-03 09:42:47,O00496,C0039,P1006,S003,East,1,4674.15,Wrong Item
RE00109,2026-10-01 16:48:06,O00161,C0137,P1016,S012,South,2,1708.1,Size/Specification
RE00110,2026-10-03 12:07:18,O00047,C0150,P1013,S011,North,1,2299.0,Changed Mind
RE00111,2026-10-04 02:40:30,O00325,C0116,P1010,S008,East,1,899.0,Wrong Item
RE00112,2026-10-02 21:58:44,O00041,C0059,P1020,S006,North,1,2499.0,Wrong Item
RE00113,2026-10-03 13:57:18,O00040,C0003,P1019,S011,North,3,1647.0,Wrong Item
RE00114,2026-10-03 00:50:29,O00374,C0122,P1002,S003,East,1,3999.0,Quality Issue
RE00115,2026-10-02 07:54:43,O00123,C0032,P1012,S007,South,2,2548.3,Quality Issue
RE00116,2026-10-04 03:08:40,O00048,C0144,P1011,S010,Central,1,3299.0,Wrong Item
RE00117,2026-10-02 12:00:34,O00085,C0090,P1012,S012,South,4,5096.6,Wrong Item
RE00118,2026-10-04 07:58:44,O00295,C0142,P1020,S010,Central,1,2499.0,Wrong Item
RE00119,2026-10-01 13:42:35,O00030,C0068,P1011,S010,Central,2,5608.3,Changed Mind
RE00120,2026-10-02 10:02:50,O00044,C0129,P1009,S003,East,1,5599.2,Quality Issue
RE00121,2026-10-02 04:31:35,O00403,C0126,P1025,S002,South,1,569.05,Wrong Item
RE00122,2026-10-03 23:42:51,O00284,C0073,P1011,S009,West,1,2969.1,Wrong Item
RE00123,2026-10-03 19:59:13,O00253,C0012,P1019,S011,North,2,1043.1,Damaged
RE00124,2026-10-04 17:21:35,O00481,C0145,P1019,S006,North,3,1564.65,Wrong Item
RE00125,2026-10-02 04:09:11,O00218,C0146,P1008,S008,East,1,1529.15,Quality Issue
RE00126,2026-10-01 21:12:25,O00347,C0045,P1023,S009,West,2,718.2,Damaged
RE00127,2026-10-01 22:10:13,O00261,C0111,P1013,S001,North,1,2299.0,Wrong Item
RE00128,2026-10-01 22:39:49,O00070,C0058,P1014,S009,West,2,3198.4,Changed Mind
RE00129,2026-10-01 17:49:17,O00246,C0081,P1006,S007,South,2,10998.0,Damaged
RE00130,2026-10-04 14:01:58,O00255,C0057,P1015,S006,North,1,799.2,Changed Mind
RE00131,2026-10-02 18:14:07,O00264,C0081,P1020,S007,South,1,2249.1,Wrong Item
RE00132,2026-10-04 06:46:07,O00498,C0106,P1001,S004,West,1,2249.1,Wrong Item
RE00133,2026-10-03 13:51:45,O00375,C0102,P1011,S012,South,1,2804.15,Quality Issue
RE00134,2026-10-03 04:25:34,O00441,C0142,P1014,S010,Central,1,1799.1,Damaged
RE00135,2026-10-04 16:27:36,O00358,C0014,P1004,S006,North,1,1499.0,Damaged
RE00136,2026-10-02 03:10:39,O00473,C0137,P1008,S003,East,1,1439.2,Damaged
RE00137,2026-10-03 04:55:15,O00208,C0077,P1023,S003,East,3,1197.0,Damaged
RE00138,2026-10-02 05:11:32,O00008,C0060,P1009,S011,North,2,11198.4,Damaged
RE00139,2026-10-01 21:28:29,O00316,C0063,P1015,S006,North,1,949.05,Wrong Item
RE00140,2026-10-03 14:19:11,O00098,C0022,P1010,S009,West,1,719.2,Wrong Item
RE00141,2026-10-02 23:06:17,O00004,C0134,P1013,S008,East,3,6897.0,Wrong Item
RE00142,2026-10-02 09:53:24,O00376,C0087,P1010,S005,Central,1,854.05,Quality Issue
RE00143,2026-10-02 07:28:58,O00274,C0056,P1014,S002,South,1,1699.15,Wrong Item
RE00144,2026-10-03 09:31:57,O00446,C0129,P1018,S012,South,1,509.15,Changed Mind
RE00145,2026-10-03 07:59:08,O00126,C0021,P1011,S011,North,1,3134.05,Damaged
RE00146,2026-10-02 05:00:51,O00339,C0137,P1024,S001,North,2,1598.0,Damaged
RE00147,2026-10-02 19:55:09,O00462,C0089,P1015,S004,West,2,1798.2,Quality Issue
RE00148,2026-10-02 18:43:25,O00369,C0109,P1003,S011,North,1,2399.2,Quality Issue
RE00149,2026-10-03 10:44:20,O00412,C0122,P1023,S003,East,1,339.15,Size/Specification
RE00150,2026-10-03 07:31:39,O00022,C0070,P1014,S008,East,3,5997.0,Damaged
