event_id,order_id,timestamp,customer_id,product_id,store_id,region,sales_channel,quantity,unit_price,discount_pct,payment_method,order_value,order_status
SE00001,O00001,2026-10-01 09:01:55,C0113,P1011,S003,East,Online,4,3299,0,UPI,13196.0,SHIPPED
SE00002,O00002,2026-10-01 09:02:59,C0126,P1003,S010,Central,Online,2,2999,0,COD,5998.0,PACKED
SE00003,O00003,2026-10-01 09:04:53,C0022,P1008,S002,South,Mobile App,2,1799,5,COD,3418.1,CONFIRMED
SE00004,O00004,2026-10-01 09:06:17,C0134,P1013,S008,East,Store,4,2299,0,Wallet,9196.0,DELIVERED
SE00005,O00005,2026-10-01 09:07:18,C0016,P1020,S012,South,Mobile App,1,2499,20,Card,1999.2,PACKED
SE00006,O00006,2026-10-01 09:08:40,C0021,P1006,S004,West,Online,1,5499,0,NetBanking,5499.0,SHIPPED
SE00007,O00007,2026-10-01 09:10:13,C0121,P1010,S001,North,Mobile App,1,899,15,NetBanking,764.15,PLACED
SE00008,O00008,2026-10-01 09:11:32,C0060,P1009,S011,North,Store,2,6999,20,UPI,11198.4,DELIVERED
SE00009,O00009,2026-10-01 09:12:54,C0058,P1021,S003,East,Online,4,449,20,UPI,1436.8,CONFIRMED
SE00010,O00010,2026-10-01 09:14:38,C0079,P1020,S012,South,Online,3,2499,0,NetBanking,7497.0,PACKED
SE00011,O00011,2026-10-01 09:15:40,C0104,P1009,S009,West,Mobile App,2,6999,5,UPI,13298.1,SHIPPED
SE00012,O00012,2026-10-01 09:17:43,C0083,P1020,S005,Central,Mobile App,1,2499,0,COD,2499.0,PLACED
SE00013,O00013,2026-10-01 09:18:55,C0069,P1019,S001,North,Mobile App,3,549,0,NetBanking,1647.0,PACKED
SE00014,O00014,2026-10-01 09:19:55,C0047,P1019,S007,South,Store,2,549,5,Wallet,1043.1,SHIPPED
SE00015,O00015,2026-10-01 09:21:36,C0086,P1011,S011,North,Store,1,3299,0,NetBanking,3299.0,PACKED
SE00016,O00016,2026-10-01 09:23:00,C0103,P1025,S009,West,Store,1,599,0,Wallet,599.0,PLACED
SE00017,O00017,2026-10-01 09:24:34,C0104,P1017,S001,North,Store,2,699,10,UPI,1258.2,CONFIRMED
SE00018,O00018,2026-10-01 09:25:58,C0133,P1012,S010,Central,Online,2,1499,15,Card,2548.3,PACKED
SE00019,O00019,2026-10-01 09:27:26,C0141,P1005,S005,Central,Online,1,999,15,UPI,849.15,DELIVERED
SE00020,O00020,2026-10-01 09:28:55,C0062,P1023,S003,East,Store,1,399,0,UPI,399.0,CONFIRMED
SE00021,O00021,2026-10-01 09:30:16,C0030,P1015,S002,South,Mobile App,2,999,0,Wallet,1998.0,DELIVERED
SE00022,O00022,2026-10-01 09:31:39,C0070,P1014,S008,East,Mobile App,5,1999,0,Card,9995.0,SHIPPED
SE00023,O00023,2026-10-01 09:32:39,C0049,P1020,S009,West,Store,2,2499,0,NetBanking,4998.0,PACKED
SE00024,O00024,2026-10-01 09:34:37,C0130,P1009,S001,North,Mobile App,1,6999,0,NetBanking,6999.0,CONFIRMED
SE00025,O00025,2026-10-01 09:36:13,C0115,P1018,S008,East,Mobile App,1,599,10,NetBanking,539.1,SHIPPED
SE00026,O00026,2026-10-01 09:37:04,C0083,P1007,S012,South,Store,1,4499,5,UPI,4274.05,PACKED
SE00027,O00027,2026-10-01 09:39:05,C0122,P1023,S007,South,Mobile App,1,399,15,Card,339.15,SHIPPED
SE00028,O00028,2026-10-01 09:39:46,C0010,P1005,S009,West,Store,4,999,0,UPI,3996.0,DELIVERED
SE00029,O00029,2026-10-01 09:41:46,C0117,P1001,S012,South,Online,1,2499,20,UPI,1999.2,SHIPPED
SE00030,O00030,2026-10-01 09:42:35,C0068,P1011,S010,Central,Store,2,3299,15,COD,5608.3,SHIPPED
SE00031,O00031,2026-10-01 09:44:29,C0082,P1021,S012,South,Online,3,449,5,COD,1279.65,PLACED
SE00032,O00032,2026-10-01 09:46:07,C0061,P1021,S011,North,Online,4,449,0,NetBanking,1796.0,PLACED
SE00033,O00033,2026-10-01 09:46:47,C0026,P1015,S003,East,Store,2,999,0,UPI,1998.0,PACKED
SE00034,O00034,2026-10-01 09:48:36,C0092,P1012,S007,South,Mobile App,1,1499,10,Card,1349.1,CONFIRMED
SE00035,O00035,2026-10-01 09:50:18,C0045,P1003,S010,Central,Online,3,2999,10,NetBanking,8097.3,DELIVERED
SE00036,O00036,2026-10-01 09:51:16,C0037,P1008,S008,East,Mobile App,2,1799,5,UPI,3418.1,SHIPPED
SE00037,O00037,2026-10-01 09:52:47,C0074,P1022,S009,West,Mobile App,1,349,5,Wallet,331.55,SHIPPED
SE00038,O00038,2026-10-01 09:54:20,C0065,P1015,S005,Central,Online,1,999,5,Card,949.05,SHIPPED
SE00039,O00039,2026-10-01 09:55:33,C0147,P1012,S010,Central,Online,1,1499,15,NetBanking,1274.15,PACKED
SE00040,O00040,2026-10-01 09:57:18,C0003,P1019,S011,North,Mobile App,3,549,0,NetBanking,1647.0,PACKED
SE00041,O00041,2026-10-01 09:58:44,C0059,P1020,S006,North,Store,1,2499,0,Card,2499.0,PLACED
SE00042,O00042,2026-10-01 10:00:16,C0011,P1010,S008,East,Online,1,899,0,UPI,899.0,PACKED
SE00043,O00043,2026-10-01 10:01:45,C0084,P1024,S007,South,Mobile App,1,799,0,Wallet,799.0,DELIVERED
SE00044,O00044,2026-10-01 10:02:50,C0129,P1009,S003,East,Store,1,6999,20,Wallet,5599.2,PLACED
SE00045,O00045,2026-10-01 10:04:28,C0120,P1003,S003,East,Mobile App,2,2999,0,NetBanking,5998.0,DELIVERED
SE00046,O00046,2026-10-01 10:05:17,C0094,P1003,S007,South,Store,1,2999,10,Wallet,2699.1,PACKED
SE00047,O00047,2026-10-01 10:07:18,C0150,P1013,S011,North,Online,4,2299,0,NetBanking,9196.0,PLACED
SE00048,O00048,2026-10-01 10:08:40,C0144,P1011,S010,Central,Store,1,3299,0,Wallet,3299.0,SHIPPED
SE00049,O00049,2026-10-01 10:09:56,C0030,P1005,S001,North,Online,4,999,0,UPI,3996.0,CONFIRMED
SE00050,O00050,2026-10-01 10:11:37,C0138,P1005,S007,South,Mobile App,1,999,15,COD,849.15,SHIPPED
SE00051,O00051,2026-10-01 10:12:54,C0040,P1014,S011,North,Store,1,1999,5,Wallet,1899.05,PLACED
SE00052,O00052,2026-10-01 10:14:03,C0095,P1007,S008,East,Online,1,4499,0,Wallet,4499.0,DELIVERED
SE00053,O00053,2026-10-01 10:15:34,C0092,P1002,S007,South,Online,1,3999,0,Card,3999.0,DELIVERED
SE00054,O00054,2026-10-01 10:17:20,C0006,P1002,S006,North,Mobile App,1,3999,0,Card,3999.0,PLACED
SE00055,O00055,2026-10-01 10:18:09,C0142,P1007,S010,Central,Store,1,4499,20,Card,3599.2,DELIVERED
SE00056,O00056,2026-10-01 10:19:36,C0001,P1009,S003,East,Online,5,6999,10,UPI,31495.5,PLACED
SE00057,O00057,2026-10-01 10:21:22,C0034,P1001,S006,North,Store,3,2499,0,UPI,7497.0,CONFIRMED
SE00058,O00058,2026-10-01 10:22:17,C0068,P1002,S003,East,Mobile App,2,3999,10,UPI,7198.2,SHIPPED
SE00059,O00059,2026-10-01 10:24:03,C0115,P1025,S006,North,Mobile App,2,599,0,Card,1198.0,DELIVERED
SE00060,O00060,2026-10-01 10:25:41,C0012,P1024,S011,North,Online,2,799,5,UPI,1518.1,SHIPPED
SE00061,O00061,2026-10-01 10:26:53,C0103,P1014,S011,North,Online,1,1999,15,UPI,1699.15,PACKED
SE00062,O00062,2026-10-01 10:28:27,C0038,P1003,S003,East,Mobile App,1,2999,15,Wallet,2549.15,SHIPPED
SE00063,O00063,2026-10-01 10:29:21,C0136,P1010,S008,East,Mobile App,2,899,5,UPI,1708.1,DELIVERED
SE00064,O00064,2026-10-01 10:31:01,C0056,P1014,S008,East,Store,3,1999,5,NetBanking,5697.15,SHIPPED
SE00065,O00065,2026-10-01 10:32:28,C0025,P1011,S007,South,Online,1,3299,0,NetBanking,3299.0,PLACED
SE00066,O00066,2026-10-01 10:34:17,C0024,P1003,S002,South,Store,1,2999,15,Card,2549.15,DELIVERED
SE00067,O00067,2026-10-01 10:35:02,C0016,P1019,S009,West,Store,2,549,15,Wallet,933.3,SHIPPED
SE00068,O00068,2026-10-01 10:36:56,C0014,P1010,S010,Central,Mobile App,1,899,0,Card,899.0,CONFIRMED
SE00069,O00069,2026-10-01 10:38:08,C0124,P1008,S002,South,Online,1,1799,10,Wallet,1619.1,DELIVERED
SE00070,O00070,2026-10-01 10:39:49,C0058,P1014,S009,West,Mobile App,5,1999,20,COD,7996.0,PLACED
SE00071,O00071,2026-10-01 10:40:54,C0069,P1001,S003,East,Store,1,2499,20,Wallet,1999.2,PLACED
SE00072,O00072,2026-10-01 10:42:09,C0047,P1005,S010,Central,Mobile App,2,999,0,UPI,1998.0,PLACED
SE00073,O00073,2026-10-01 10:43:35,C0136,P1007,S007,South,Store,1,4499,0,Wallet,4499.0,PACKED
SE00074,O00074,2026-10-01 10:45:00,C0146,P1020,S002,South,Mobile App,3,2499,0,UPI,7497.0,PLACED
SE00075,O00075,2026-10-01 10:46:43,C0070,P1015,S011,North,Store,1,999,10,Wallet,899.1,CONFIRMED
SE00076,O00076,2026-10-01 10:48:23,C0132,P1004,S006,North,Mobile App,1,1499,0,COD,1499.0,SHIPPED
SE00077,O00077,2026-10-01 10:49:43,C0135,P1022,S005,Central,Online,1,349,5,UPI,331.55,CONFIRMED
SE00078,O00078,2026-10-01 10:50:50,C0078,P1007,S003,East,Online,3,4499,0,UPI,13497.0,SHIPPED
SE00079,O00079,2026-10-01 10:52:09,C0111,P1006,S003,East,Mobile App,1,5499,15,COD,4674.15,PACKED
SE00080,O00080,2026-10-01 10:53:49,C0019,P1013,S012,South,Online,1,2299,0,Wallet,2299.0,DELIVERED
SE00081,O00081,2026-10-01 10:55:03,C0110,P1019,S007,South,Online,2,549,5,NetBanking,1043.1,PLACED
SE00082,O00082,2026-10-01 10:56:33,C0084,P1006,S010,Central,Online,1,5499,15,NetBanking,4674.15,PLACED
SE00083,O00083,2026-10-01 10:58:00,C0063,P1014,S010,Central,Store,1,1999,0,Wallet,1999.0,CONFIRMED
SE00084,O00084,2026-10-01 10:59:07,C0086,P1025,S003,East,Mobile App,1,599,15,COD,509.15,CONFIRMED
SE00085,O00085,2026-10-01 11:00:34,C0090,P1012,S012,South,Online,4,1499,15,UPI,5096.6,CONFIRMED
SE00086,O00086,2026-10-01 11:02:38,C0066,P1007,S003,East,Mobile App,2,4499,20,UPI,7198.4,CONFIRMED
SE00087,O00087,2026-10-01 11:03:58,C0127,P1015,S010,Central,Mobile App,2,999,5,COD,1898.1,PACKED
SE00088,O00088,2026-10-01 11:05:20,C0081,P1005,S008,East,Store,1,999,5,Wallet,949.05,DELIVERED
SE00089,O00089,2026-10-01 11:06:33,C0015,P1012,S009,West,Online,1,1499,5,UPI,1424.05,PACKED
SE00090,O00090,2026-10-01 11:07:35,C0074,P1003,S011,North,Mobile App,3,2999,20,COD,7197.6,DELIVERED
SE00091,O00091,2026-10-01 11:09:42,C0099,P1015,S010,Central,Online,2,999,20,NetBanking,1598.4,DELIVERED
SE00092,O00092,2026-10-01 11:10:23,C0049,P1011,S010,Central,Store,1,3299,0,UPI,3299.0,PACKED
SE00093,O00093,2026-10-01 11:12:30,C0022,P1017,S011,North,Store,1,699,0,NetBanking,699.0,DELIVERED
SE00094,O00094,2026-10-01 11:13:34,C0134,P1020,S003,East,Store,1,2499,0,Wallet,2499.0,DELIVERED
SE00095,O00095,2026-10-01 11:14:41,C0014,P1021,S011,North,Mobile App,1,449,0,NetBanking,449.0,PACKED
SE00096,O00096,2026-10-01 11:16:09,C0065,P1024,S011,North,Store,4,799,10,UPI,2876.4,DELIVERED
SE00097,O00097,2026-10-01 11:18:07,C0037,P1012,S005,Central,Store,4,1499,15,Card,5096.6,DELIVERED
SE00098,O00098,2026-10-01 11:19:11,C0022,P1010,S009,West,Online,1,899,20,COD,719.2,PLACED
SE00099,O00099,2026-10-01 11:20:26,C0109,P1017,S006,North,Online,1,699,0,Wallet,699.0,SHIPPED
SE00100,O00100,2026-10-01 11:22:30,C0050,P1008,S003,East,Online,1,1799,0,COD,1799.0,DELIVERED
SE00101,O00101,2026-10-01 11:23:44,C0135,P1002,S011,North,Online,1,3999,20,COD,3199.2,SHIPPED
SE00102,O00102,2026-10-01 11:25:09,C0040,P1006,S003,East,Online,3,5499,20,NetBanking,13197.6,PLACED
SE00103,O00103,2026-10-01 11:26:34,C0106,P1012,S011,North,Store,2,1499,5,NetBanking,2848.1,CONFIRMED
SE00104,O00104,2026-10-01 11:27:50,C0137,P1008,S005,Central,Online,4,1799,20,Wallet,5756.8,DELIVERED
SE00105,O00105,2026-10-01 11:29:18,C0113,P1015,S005,Central,Store,3,999,10,Card,2697.3,CONFIRMED
SE00106,O00106,2026-10-01 11:30:33,C0036,P1009,S001,North,Mobile App,2,6999,20,UPI,11198.4,DELIVERED
SE00107,O00107,2026-10-01 11:32:03,C0032,P1010,S002,South,Mobile App,3,899,0,Card,2697.0,SHIPPED
SE00108,O00108,2026-10-01 11:33:26,C0024,P1008,S008,East,Online,3,1799,0,NetBanking,5397.0,DELIVERED
SE00109,O00109,2026-10-01 11:34:39,C0096,P1008,S007,South,Online,5,1799,0,Wallet,8995.0,PLACED
SE00110,O00110,2026-10-01 11:36:20,C0086,P1005,S003,East,Mobile App,1,999,20,Card,799.2,SHIPPED
SE00111,O00111,2026-10-01 11:37:31,C0115,P1020,S001,North,Online,4,2499,0,Card,9996.0,DELIVERED
SE00112,O00112,2026-10-01 11:38:59,C0136,P1014,S002,South,Online,3,1999,0,UPI,5997.0,CONFIRMED
SE00113,O00113,2026-10-01 11:40:36,C0108,P1021,S010,Central,Mobile App,1,449,0,COD,449.0,PLACED
SE00114,O00114,2026-10-01 11:41:57,C0132,P1019,S004,West,Online,2,549,0,COD,1098.0,PACKED
SE00115,O00115,2026-10-01 11:43:00,C0062,P1019,S007,South,Mobile App,1,549,15,Wallet,466.65,PLACED
SE00116,O00116,2026-10-01 11:44:55,C0135,P1018,S009,West,Online,3,599,10,NetBanking,1617.3,SHIPPED
SE00117,O00117,2026-10-01 11:46:32,C0012,P1021,S007,South,Online,5,449,0,Wallet,2245.0,PLACED
SE00118,O00118,2026-10-01 11:47:59,C0089,P1008,S012,South,Mobile App,2,1799,0,Wallet,3598.0,CONFIRMED
SE00119,O00119,2026-10-01 11:48:46,C0012,P1012,S009,West,Mobile App,1,1499,15,NetBanking,1274.15,SHIPPED
SE00120,O00120,2026-10-01 11:50:02,C0047,P1005,S002,South,Store,2,999,5,Card,1898.1,PLACED
SE00121,O00121,2026-10-01 11:51:50,C0052,P1002,S006,North,Mobile App,4,3999,10,NetBanking,14396.4,PACKED
SE00122,O00122,2026-10-01 11:53:39,C0010,P1025,S011,North,Online,1,599,0,Wallet,599.0,PACKED
SE00123,O00123,2026-10-01 11:54:43,C0032,P1012,S007,South,Store,3,1499,15,Wallet,3822.45,CONFIRMED
SE00124,O00124,2026-10-01 11:56:13,C0128,P1023,S008,East,Store,1,399,20,UPI,319.2,SHIPPED
SE00125,O00125,2026-10-01 11:57:39,C0021,P1014,S010,Central,Store,5,1999,0,Wallet,9995.0,PLACED
SE00126,O00126,2026-10-01 11:59:08,C0021,P1011,S011,North,Mobile App,1,3299,5,NetBanking,3134.05,CONFIRMED
SE00127,O00127,2026-10-01 12:00:17,C0114,P1012,S008,East,Mobile App,1,1499,20,NetBanking,1199.2,PACKED
SE00128,O00128,2026-10-01 12:01:52,C0015,P1003,S011,North,Mobile App,2,2999,0,Card,5998.0,PLACED
SE00129,O00129,2026-10-01 12:02:53,C0037,P1020,S011,North,Online,3,2499,0,Card,7497.0,PACKED
SE00130,O00130,2026-10-01 12:04:53,C0093,P1013,S010,Central,Store,1,2299,0,Wallet,2299.0,PACKED
SE00131,O00131,2026-10-01 12:05:58,C0114,P1025,S002,South,Store,2,599,10,Wallet,1078.2,PACKED
SE00132,O00132,2026-10-01 12:07:33,C0064,P1004,S001,North,Store,2,1499,5,COD,2848.1,PLACED
SE00133,O00133,2026-10-01 12:09:04,C0068,P1025,S005,Central,Store,2,599,0,NetBanking,1198.0,CONFIRMED
SE00134,O00134,2026-10-01 12:10:18,C0032,P1005,S002,South,Online,1,999,15,Wallet,849.15,PACKED
SE00135,O00135,2026-10-01 12:11:25,C0017,P1018,S009,West,Mobile App,1,599,0,Card,599.0,PACKED
SE00136,O00136,2026-10-01 12:12:48,C0131,P1008,S002,South,Online,5,1799,20,NetBanking,7196.0,PLACED
SE00137,O00137,2026-10-01 12:14:40,C0093,P1018,S010,Central,Online,1,599,20,COD,479.2,PLACED
SE00138,O00138,2026-10-01 12:16:00,C0017,P1010,S007,South,Mobile App,5,899,15,NetBanking,3820.75,SHIPPED
SE00139,O00139,2026-10-01 12:16:59,C0148,P1003,S003,East,Store,5,2999,15,NetBanking,12745.75,DELIVERED
SE00140,O00140,2026-10-01 12:19:09,C0089,P1005,S009,West,Online,2,999,0,NetBanking,1998.0,DELIVERED
SE00141,O00141,2026-10-01 12:19:55,C0015,P1004,S009,West,Store,1,1499,0,Card,1499.0,PACKED
SE00142,O00142,2026-10-01 12:21:45,C0133,P1010,S002,South,Store,1,899,15,Card,764.15,PACKED
SE00143,O00143,2026-10-01 12:23:12,C0137,P1003,S009,West,Online,2,2999,10,Card,5398.2,DELIVERED
SE00144,O00144,2026-10-01 12:24:05,C0087,P1019,S001,North,Online,3,549,0,COD,1647.0,PACKED
SE00145,O00145,2026-10-01 12:25:26,C0054,P1025,S010,Central,Store,1,599,15,COD,509.15,PACKED
SE00146,O00146,2026-10-01 12:27:15,C0078,P1016,S004,West,Store,3,899,15,NetBanking,2292.45,PLACED
SE00147,O00147,2026-10-01 12:28:28,C0016,P1006,S008,East,Store,1,5499,5,COD,5224.05,CONFIRMED
SE00148,O00148,2026-10-01 12:30:02,C0081,P1023,S006,North,Store,2,399,20,Card,638.4,PACKED
SE00149,O00149,2026-10-01 12:31:12,C0132,P1018,S002,South,Store,1,599,5,NetBanking,569.05,CONFIRMED
SE00150,O00150,2026-10-01 12:33:09,C0037,P1004,S001,North,Store,1,1499,5,Card,1424.05,CONFIRMED
SE00151,O00151,2026-10-01 12:34:05,C0084,P1019,S012,South,Store,1,549,20,COD,439.2,SHIPPED
SE00152,O00152,2026-10-01 12:35:52,C0128,P1010,S008,East,Store,1,899,5,Card,854.05,CONFIRMED
SE00153,O00153,2026-10-01 12:37:23,C0150,P1012,S001,North,Mobile App,1,1499,5,NetBanking,1424.05,PACKED
SE00154,O00154,2026-10-01 12:38:56,C0138,P1001,S002,South,Store,1,2499,0,NetBanking,2499.0,PACKED
SE00155,O00155,2026-10-01 12:39:58,C0012,P1013,S001,North,Mobile App,2,2299,0,Wallet,4598.0,PLACED
SE00156,O00156,2026-10-01 12:41:39,C0099,P1017,S008,East,Mobile App,3,699,0,COD,2097.0,PLACED
SE00157,O00157,2026-10-01 12:43:00,C0033,P1004,S007,South,Store,1,1499,0,Card,1499.0,CONFIRMED
SE00158,O00158,2026-10-01 12:43:58,C0131,P1013,S009,West,Mobile App,1,2299,0,Wallet,2299.0,SHIPPED
SE00159,O00159,2026-10-01 12:45:23,C0133,P1015,S003,East,Store,2,999,10,COD,1798.2,PACKED
SE00160,O00160,2026-10-01 12:47:17,C0042,P1013,S010,Central,Store,2,2299,0,COD,4598.0,DELIVERED
SE00161,O00161,2026-10-01 12:48:06,C0137,P1016,S012,South,Store,2,899,5,Wallet,1708.1,PLACED
SE00162,O00162,2026-10-01 12:50:14,C0107,P1019,S005,Central,Mobile App,3,549,15,UPI,1399.95,DELIVERED
SE00163,O00163,2026-10-01 12:51:32,C0122,P1009,S011,North,Mobile App,3,6999,20,Card,16797.6,PLACED
SE00164,O00164,2026-10-01 12:52:59,C0150,P1016,S003,East,Store,2,899,15,Card,1528.3,CONFIRMED
SE00165,O00165,2026-10-01 12:54:13,C0009,P1019,S012,South,Store,1,549,0,NetBanking,549.0,CONFIRMED
SE00166,O00166,2026-10-01 12:55:49,C0106,P1023,S004,West,Store,1,399,20,UPI,319.2,CONFIRMED
SE00167,O00167,2026-10-01 12:57:05,C0133,P1007,S009,West,Mobile App,1,4499,15,NetBanking,3824.15,PACKED
SE00168,O00168,2026-10-01 12:58:43,C0045,P1015,S009,West,Mobile App,1,999,0,Wallet,999.0,DELIVERED
SE00169,O00169,2026-10-01 12:59:39,C0124,P1007,S004,West,Store,1,4499,0,Wallet,4499.0,CONFIRMED
SE00170,O00170,2026-10-01 13:01:36,C0126,P1011,S008,East,Store,1,3299,20,Wallet,2639.2,PLACED
SE00171,O00171,2026-10-01 13:02:37,C0147,P1022,S009,West,Online,1,349,5,Wallet,331.55,PLACED
SE00172,O00172,2026-10-01 13:04:21,C0074,P1023,S002,South,Store,1,399,5,NetBanking,379.05,CONFIRMED
SE00173,O00173,2026-10-01 13:05:22,C0052,P1018,S005,Central,Online,4,599,15,UPI,2036.6,DELIVERED
SE00174,O00174,2026-10-01 13:06:44,C0062,P1008,S001,North,Mobile App,2,1799,10,Card,3238.2,PLACED
SE00175,O00175,2026-10-01 13:08:38,C0026,P1014,S006,North,Online,2,1999,0,UPI,3998.0,DELIVERED
SE00176,O00176,2026-10-01 13:09:50,C0041,P1014,S011,North,Mobile App,4,1999,5,Card,7596.2,PACKED
SE00177,O00177,2026-10-01 13:10:50,C0083,P1010,S011,North,Mobile App,1,899,20,COD,719.2,CONFIRMED
SE00178,O00178,2026-10-01 13:12:21,C0137,P1024,S012,South,Store,3,799,0,Card,2397.0,PLACED
SE00179,O00179,2026-10-01 13:13:53,C0102,P1016,S003,East,Online,4,899,20,UPI,2876.8,PACKED
SE00180,O00180,2026-10-01 13:15:18,C0146,P1020,S002,South,Store,4,2499,0,COD,9996.0,DELIVERED
SE00181,O00181,2026-10-01 13:16:32,C0127,P1005,S009,West,Store,1,999,0,Card,999.0,SHIPPED
SE00182,O00182,2026-10-01 13:18:40,C0066,P1023,S003,East,Store,1,399,0,COD,399.0,CONFIRMED
SE00183,O00183,2026-10-01 13:19:42,C0045,P1020,S011,North,Mobile App,3,2499,20,Wallet,5997.6,PLACED
SE00184,O00184,2026-10-01 13:21:10,C0103,P1022,S002,South,Store,1,349,0,Card,349.0,PLACED
SE00185,O00185,2026-10-01 13:22:26,C0067,P1013,S004,West,Store,1,2299,0,COD,2299.0,DELIVERED
SE00186,O00186,2026-10-01 13:23:33,C0003,P1009,S011,North,Mobile App,1,6999,0,UPI,6999.0,SHIPPED
SE00187,O00187,2026-10-01 13:25:44,C0079,P1006,S007,South,Store,2,5499,15,UPI,9348.3,PACKED
SE00188,O00188,2026-10-01 13:26:50,C0095,P1020,S004,West,Online,1,2499,0,NetBanking,2499.0,DELIVERED
SE00189,O00189,2026-10-01 13:28:33,C0096,P1014,S012,South,Mobile App,2,1999,5,Card,3798.1,CONFIRMED
SE00190,O00190,2026-10-01 13:29:14,C0021,P1017,S008,East,Mobile App,2,699,0,UPI,1398.0,PLACED
SE00191,O00191,2026-10-01 13:30:45,C0141,P1017,S004,West,Store,2,699,0,COD,1398.0,SHIPPED
SE00192,O00192,2026-10-01 13:32:05,C0030,P1022,S004,West,Mobile App,2,349,5,NetBanking,663.1,PLACED
SE00193,O00193,2026-10-01 13:33:28,C0117,P1005,S009,West,Mobile App,1,999,10,NetBanking,899.1,PACKED
SE00194,O00194,2026-10-01 13:35:03,C0006,P1013,S005,Central,Mobile App,3,2299,15,UPI,5862.45,PLACED
SE00195,O00195,2026-10-01 13:36:19,C0109,P1012,S012,South,Store,1,1499,0,UPI,1499.0,PACKED
SE00196,O00196,2026-10-01 13:38:21,C0105,P1006,S003,East,Store,3,5499,15,Wallet,14022.45,SHIPPED
SE00197,O00197,2026-10-01 13:39:39,C0115,P1013,S007,South,Online,1,2299,15,Wallet,1954.15,PLACED
SE00198,O00198,2026-10-01 13:40:44,C0046,P1018,S007,South,Online,2,599,15,UPI,1018.3,PACKED
SE00199,O00199,2026-10-01 13:42:19,C0119,P1022,S012,South,Online,2,349,10,Card,628.2,SHIPPED
SE00200,O00200,2026-10-01 13:44:08,C0089,P1005,S005,Central,Online,1,999,15,UPI,849.15,SHIPPED
SE00201,O00201,2026-10-01 13:44:47,C0005,P1008,S004,West,Store,1,1799,10,COD,1619.1,PLACED
SE00202,O00202,2026-10-01 13:46:44,C0063,P1024,S001,North,Online,1,799,0,UPI,799.0,CONFIRMED
SE00203,O00203,2026-10-01 13:48:11,C0129,P1010,S004,West,Store,3,899,15,COD,2292.45,DELIVERED
SE00204,O00204,2026-10-01 13:49:33,C0083,P1008,S005,Central,Online,3,1799,15,NetBanking,4587.45,PACKED
SE00205,O00205,2026-10-01 13:50:36,C0071,P1002,S009,West,Mobile App,4,3999,15,NetBanking,13596.6,DELIVERED
SE00206,O00206,2026-10-01 13:52:14,C0127,P1002,S006,North,Mobile App,4,3999,15,Wallet,13596.6,SHIPPED
SE00207,O00207,2026-10-01 13:53:49,C0105,P1005,S005,Central,Store,1,999,20,Card,799.2,CONFIRMED
SE00208,O00208,2026-10-01 13:55:15,C0077,P1023,S003,East,Store,3,399,0,NetBanking,1197.0,DELIVERED
SE00209,O00209,2026-10-01 13:56:26,C0136,P1005,S007,South,Mobile App,1,999,0,UPI,999.0,SHIPPED
SE00210,O00210,2026-10-01 13:57:33,C0095,P1003,S009,West,Store,2,2999,0,NetBanking,5998.0,DELIVERED
SE00211,O00211,2026-10-01 13:59:41,C0011,P1003,S004,West,Mobile App,3,2999,10,COD,8097.3,CONFIRMED
SE00212,O00212,2026-10-01 14:00:33,C0123,P1007,S006,North,Online,1,4499,0,UPI,4499.0,SHIPPED
SE00213,O00213,2026-10-01 14:02:00,C0063,P1023,S010,Central,Mobile App,2,399,5,Wallet,758.1,PACKED
SE00214,O00214,2026-10-01 14:03:26,C0098,P1015,S009,West,Store,2,999,0,COD,1998.0,SHIPPED
SE00215,O00215,2026-10-01 14:04:55,C0120,P1004,S012,South,Online,1,1499,20,Wallet,1199.2,PACKED
SE00216,O00216,2026-10-01 14:06:09,C0106,P1002,S010,Central,Online,3,3999,15,Wallet,10197.45,DELIVERED
SE00217,O00217,2026-10-01 14:07:37,C0150,P1019,S012,South,Store,1,549,0,Card,549.0,SHIPPED
SE00218,O00218,2026-10-01 14:09:11,C0146,P1008,S008,East,Store,2,1799,15,NetBanking,3058.3,SHIPPED
SE00219,O00219,2026-10-01 14:10:23,C0118,P1006,S012,South,Mobile App,3,5499,0,COD,16497.0,SHIPPED
SE00220,O00220,2026-10-01 14:11:42,C0048,P1018,S011,North,Online,4,599,10,UPI,2156.4,PLACED
SE00221,O00221,2026-10-01 14:13:14,C0106,P1005,S011,North,Online,1,999,15,Card,849.15,DELIVERED
SE00222,O00222,2026-10-01 14:15:09,C0117,P1012,S001,North,Store,2,1499,15,NetBanking,2548.3,PLACED
SE00223,O00223,2026-10-01 14:16:28,C0002,P1018,S009,West,Mobile App,1,599,0,Wallet,599.0,DELIVERED
SE00224,O00224,2026-10-01 14:17:47,C0074,P1001,S009,West,Online,3,2499,15,UPI,6372.45,PLACED
SE00225,O00225,2026-10-01 14:19:01,C0135,P1005,S004,West,Store,1,999,10,Wallet,899.1,SHIPPED
SE00226,O00226,2026-10-01 14:20:54,C0021,P1012,S007,South,Online,1,1499,0,Wallet,1499.0,PLACED
SE00227,O00227,2026-10-01 14:22:05,C0009,P1003,S007,South,Online,1,2999,10,UPI,2699.1,CONFIRMED
SE00228,O00228,2026-10-01 14:23:36,C0022,P1016,S007,South,Online,2,899,0,COD,1798.0,PLACED
SE00229,O00229,2026-10-01 14:24:42,C0059,P1007,S012,South,Online,3,4499,5,UPI,12822.15,PACKED
SE00230,O00230,2026-10-01 14:26:10,C0140,P1019,S011,North,Online,1,549,20,Card,439.2,DELIVERED
SE00231,O00231,2026-10-01 14:27:34,C0037,P1025,S012,South,Online,3,599,0,COD,1797.0,CONFIRMED
SE00232,O00232,2026-10-01 14:29:04,C0146,P1013,S011,North,Mobile App,3,2299,0,Card,6897.0,PLACED
SE00233,O00233,2026-10-01 14:30:19,C0129,P1024,S006,North,Online,1,799,5,Wallet,759.05,DELIVERED
SE00234,O00234,2026-10-01 14:32:20,C0102,P1025,S006,North,Store,1,599,0,NetBanking,599.0,CONFIRMED
SE00235,O00235,2026-10-01 14:33:32,C0092,P1018,S007,South,Mobile App,1,599,15,NetBanking,509.15,PLACED
SE00236,O00236,2026-10-01 14:34:29,C0076,P1008,S012,South,Store,1,1799,0,Card,1799.0,SHIPPED
SE00237,O00237,2026-10-01 14:36:13,C0082,P1012,S002,South,Store,1,1499,0,Wallet,1499.0,PLACED
SE00238,O00238,2026-10-01 14:37:45,C0034,P1003,S003,East,Mobile App,1,2999,10,NetBanking,2699.1,PLACED
SE00239,O00239,2026-10-01 14:39:13,C0007,P1003,S006,North,Store,2,2999,10,NetBanking,5398.2,PLACED
SE00240,O00240,2026-10-01 14:40:35,C0075,P1014,S007,South,Online,3,1999,15,COD,5097.45,DELIVERED
SE00241,O00241,2026-10-01 14:41:44,C0044,P1022,S007,South,Store,1,349,0,NetBanking,349.0,CONFIRMED
SE00242,O00242,2026-10-01 14:43:20,C0017,P1006,S007,South,Online,1,5499,0,Wallet,5499.0,PACKED
SE00243,O00243,2026-10-01 14:44:27,C0064,P1024,S011,North,Store,2,799,10,UPI,1438.2,CONFIRMED
SE00244,O00244,2026-10-01 14:46:04,C0078,P1001,S007,South,Store,1,2499,10,NetBanking,2249.1,PACKED
SE00245,O00245,2026-10-01 14:47:43,C0111,P1021,S010,Central,Mobile App,1,449,0,Card,449.0,SHIPPED
SE00246,O00246,2026-10-01 14:49:17,C0081,P1006,S007,South,Mobile App,4,5499,0,NetBanking,21996.0,DELIVERED
SE00247,O00247,2026-10-01 14:50:20,C0063,P1011,S007,South,Store,1,3299,20,UPI,2639.2,DELIVERED
SE00248,O00248,2026-10-01 14:51:55,C0052,P1019,S009,West,Online,1,549,20,NetBanking,439.2,CONFIRMED
SE00249,O00249,2026-10-01 14:53:35,C0113,P1010,S012,South,Store,1,899,20,NetBanking,719.2,CONFIRMED
SE00250,O00250,2026-10-01 14:54:37,C0078,P1008,S005,Central,Store,2,1799,15,UPI,3058.3,SHIPPED
SE00251,O00251,2026-10-01 14:56:19,C0123,P1019,S007,South,Store,2,549,20,COD,878.4,PLACED
SE00252,O00252,2026-10-01 14:57:06,C0093,P1023,S009,West,Online,2,399,0,Wallet,798.0,CONFIRMED
SE00253,O00253,2026-10-01 14:59:13,C0012,P1019,S011,North,Store,2,549,5,NetBanking,1043.1,PLACED
SE00254,O00254,2026-10-01 15:00:23,C0003,P1004,S005,Central,Mobile App,1,1499,15,COD,1274.15,DELIVERED
SE00255,O00255,2026-10-01 15:01:58,C0057,P1015,S006,North,Mobile App,1,999,20,COD,799.2,CONFIRMED
SE00256,O00256,2026-10-01 15:02:45,C0089,P1001,S008,East,Online,1,2499,5,Card,2374.05,PACKED
SE00257,O00257,2026-10-01 15:04:35,C0080,P1011,S008,East,Store,3,3299,10,NetBanking,8907.3,PLACED
SE00258,O00258,2026-10-01 15:05:49,C0113,P1024,S012,South,Online,1,799,0,UPI,799.0,PLACED
SE00259,O00259,2026-10-01 15:07:42,C0088,P1021,S002,South,Online,2,449,0,COD,898.0,CONFIRMED
SE00260,O00260,2026-10-01 15:08:34,C0142,P1006,S006,North,Store,2,5499,5,Card,10448.1,CONFIRMED
SE00261,O00261,2026-10-01 15:10:13,C0111,P1013,S001,North,Mobile App,2,2299,0,NetBanking,4598.0,SHIPPED
SE00262,O00262,2026-10-01 15:11:55,C0002,P1023,S004,West,Online,1,399,20,COD,319.2,PLACED
SE00263,O00263,2026-10-01 15:12:42,C0138,P1006,S006,North,Store,1,5499,5,NetBanking,5224.05,DELIVERED
SE00264,O00264,2026-10-01 15:14:07,C0081,P1020,S007,South,Store,2,2499,10,Wallet,4498.2,SHIPPED
SE00265,O00265,2026-10-01 15:16:02,C0045,P1022,S012,South,Online,3,349,10,Card,942.3,PACKED
SE00266,O00266,2026-10-01 15:17:34,C0031,P1008,S005,Central,Online,1,1799,0,COD,1799.0,SHIPPED
SE00267,O00267,2026-10-01 15:18:26,C0108,P1020,S003,East,Store,2,2499,5,COD,4748.1,CONFIRMED
SE00268,O00268,2026-10-01 15:20:00,C0143,P1006,S008,East,Store,1,5499,0,COD,5499.0,PLACED
SE00269,O00269,2026-10-01 15:21:29,C0092,P1001,S008,East,Mobile App,1,2499,20,COD,1999.2,SHIPPED
SE00270,O00270,2026-10-01 15:22:58,C0105,P1022,S008,East,Store,1,349,20,Card,279.2,PLACED
SE00271,O00271,2026-10-01 15:24:09,C0145,P1001,S004,West,Mobile App,1,2499,0,Wallet,2499.0,CONFIRMED
SE00272,O00272,2026-10-01 15:25:55,C0118,P1019,S012,South,Mobile App,3,549,5,UPI,1564.65,DELIVERED
SE00273,O00273,2026-10-01 15:27:19,C0030,P1009,S009,West,Online,3,6999,0,NetBanking,20997.0,DELIVERED
SE00274,O00274,2026-10-01 15:28:58,C0056,P1014,S002,South,Online,2,1999,15,Wallet,3398.3,PLACED
SE00275,O00275,2026-10-01 15:30:03,C0116,P1009,S006,North,Online,3,6999,0,Card,20997.0,CONFIRMED
SE00276,O00276,2026-10-01 15:31:39,C0090,P1023,S010,Central,Online,2,399,0,Card,798.0,CONFIRMED
SE00277,O00277,2026-10-01 15:32:59,C0016,P1019,S006,North,Online,2,549,10,Wallet,988.2,PACKED
SE00278,O00278,2026-10-01 15:34:33,C0075,P1019,S005,Central,Online,4,549,10,Card,1976.4,SHIPPED
SE00279,O00279,2026-10-01 15:35:23,C0016,P1009,S011,North,Online,1,6999,20,Card,5599.2,PACKED
SE00280,O00280,2026-10-01 15:37:16,C0064,P1025,S011,North,Mobile App,1,599,0,Wallet,599.0,SHIPPED
SE00281,O00281,2026-10-01 15:38:10,C0097,P1015,S002,South,Store,2,999,20,COD,1598.4,PACKED
SE00282,O00282,2026-10-01 15:40:19,C0095,P1015,S008,East,Mobile App,1,999,0,UPI,999.0,SHIPPED
SE00283,O00283,2026-10-01 15:41:08,C0092,P1003,S009,West,Store,1,2999,5,Wallet,2849.05,PACKED
SE00284,O00284,2026-10-01 15:42:51,C0073,P1011,S009,West,Store,2,3299,10,UPI,5938.2,PLACED
SE00285,O00285,2026-10-01 15:43:55,C0026,P1021,S008,East,Store,1,449,20,NetBanking,359.2,PLACED
SE00286,O00286,2026-10-01 15:45:29,C0110,P1007,S012,South,Online,4,4499,15,Wallet,15296.6,PLACED
SE00287,O00287,2026-10-01 15:46:45,C0093,P1009,S002,South,Online,1,6999,15,NetBanking,5949.15,PACKED
SE00288,O00288,2026-10-01 15:48:00,C0060,P1014,S011,North,Online,1,1999,0,NetBanking,1999.0,PLACED
SE00289,O00289,2026-10-01 15:49:25,C0034,P1019,S004,West,Online,2,549,5,Wallet,1043.1,PLACED
SE00290,O00290,2026-10-01 15:51:14,C0109,P1023,S003,East,Online,1,399,0,UPI,399.0,PLACED
SE00291,O00291,2026-10-01 15:53:03,C0081,P1012,S005,Central,Online,1,1499,20,Card,1199.2,PLACED
SE00292,O00292,2026-10-01 15:54:08,C0136,P1019,S001,North,Store,2,549,0,Card,1098.0,CONFIRMED
SE00293,O00293,2026-10-01 15:55:10,C0106,P1020,S011,North,Online,1,2499,0,Card,2499.0,PLACED
SE00294,O00294,2026-10-01 15:56:45,C0099,P1012,S007,South,Store,1,1499,0,UPI,1499.0,CONFIRMED
SE00295,O00295,2026-10-01 15:58:44,C0142,P1020,S010,Central,Mobile App,2,2499,0,UPI,4998.0,PACKED
SE00296,O00296,2026-10-01 15:59:45,C0053,P1017,S010,Central,Store,2,699,15,UPI,1188.3,CONFIRMED
SE00297,O00297,2026-10-01 16:01:23,C0127,P1013,S002,South,Online,1,2299,15,COD,1954.15,PLACED
SE00298,O00298,2026-10-01 16:02:46,C0093,P1011,S003,East,Store,1,3299,20,Wallet,2639.2,DELIVERED
SE00299,O00299,2026-10-01 16:03:39,C0045,P1025,S008,East,Online,4,599,20,COD,1916.8,PLACED
SE00300,O00300,2026-10-01 16:05:50,C0004,P1009,S004,West,Store,1,6999,0,COD,6999.0,PACKED
SE00301,O00301,2026-10-01 16:06:30,C0129,P1025,S007,South,Mobile App,1,599,5,COD,569.05,DELIVERED
SE00302,O00302,2026-10-01 16:08:03,C0040,P1009,S002,South,Online,1,6999,10,COD,6299.1,PACKED
SE00303,O00303,2026-10-01 16:09:58,C0101,P1019,S011,North,Mobile App,3,549,15,UPI,1399.95,PACKED
SE00304,O00304,2026-10-01 16:11:07,C0112,P1024,S004,West,Online,1,799,0,NetBanking,799.0,DELIVERED
SE00305,O00305,2026-10-01 16:12:16,C0015,P1010,S011,North,Online,2,899,15,UPI,1528.3,CONFIRMED
SE00306,O00306,2026-10-01 16:14:03,C0003,P1006,S008,East,Mobile App,4,5499,10,Wallet,19796.4,CONFIRMED
SE00307,O00307,2026-10-01 16:15:41,C0096,P1005,S012,South,Online,3,999,0,UPI,2997.0,PACKED
SE00308,O00308,2026-10-01 16:16:56,C0110,P1009,S009,West,Mobile App,1,6999,15,UPI,5949.15,SHIPPED
SE00309,O00309,2026-10-01 16:18:21,C0117,P1017,S006,North,Online,1,699,20,Wallet,559.2,CONFIRMED
SE00310,O00310,2026-10-01 16:19:56,C0066,P1025,S002,South,Online,3,599,15,Card,1527.45,DELIVERED
SE00311,O00311,2026-10-01 16:20:58,C0001,P1002,S001,North,Store,1,3999,5,Card,3799.05,CONFIRMED
SE00312,O00312,2026-10-01 16:22:14,C0010,P1018,S012,South,Store,2,599,5,Card,1138.1,SHIPPED
SE00313,O00313,2026-10-01 16:23:57,C0082,P1009,S002,South,Mobile App,2,6999,0,UPI,13998.0,CONFIRMED
SE00314,O00314,2026-10-01 16:25:19,C0058,P1017,S001,North,Store,4,699,0,Wallet,2796.0,PACKED
SE00315,O00315,2026-10-01 16:26:33,C0023,P1018,S008,East,Mobile App,1,599,0,Wallet,599.0,DELIVERED
SE00316,O00316,2026-10-01 16:28:29,C0063,P1015,S006,North,Online,2,999,5,COD,1898.1,CONFIRMED
SE00317,O00317,2026-10-01 16:29:27,C0039,P1001,S007,South,Mobile App,1,2499,10,UPI,2249.1,PACKED
SE00318,O00318,2026-10-01 16:31:16,C0001,P1025,S011,North,Store,1,599,15,UPI,509.15,CONFIRMED
SE00319,O00319,2026-10-01 16:32:04,C0136,P1008,S007,South,Mobile App,2,1799,0,Wallet,3598.0,PLACED
SE00320,O00320,2026-10-01 16:33:49,C0012,P1008,S009,West,Mobile App,1,1799,0,UPI,1799.0,DELIVERED
SE00321,O00321,2026-10-01 16:34:49,C0025,P1017,S003,East,Mobile App,2,699,5,COD,1328.1,PLACED
SE00322,O00322,2026-10-01 16:36:30,C0112,P1022,S003,East,Store,1,349,0,Wallet,349.0,PACKED
SE00323,O00323,2026-10-01 16:37:43,C0116,P1009,S004,West,Mobile App,1,6999,0,UPI,6999.0,CONFIRMED
SE00324,O00324,2026-10-01 16:39:07,C0028,P1006,S008,East,Mobile App,1,5499,5,Wallet,5224.05,CONFIRMED
SE00325,O00325,2026-10-01 16:40:30,C0116,P1010,S008,East,Online,1,899,0,Wallet,899.0,DELIVERED
SE00326,O00326,2026-10-01 16:42:05,C0011,P1007,S006,North,Store,1,4499,15,NetBanking,3824.15,DELIVERED
SE00327,O00327,2026-10-01 16:43:16,C0013,P1022,S005,Central,Store,1,349,0,NetBanking,349.0,DELIVERED
SE00328,O00328,2026-10-01 16:45:30,C0141,P1008,S002,South,Online,1,1799,20,UPI,1439.2,PLACED
SE00329,O00329,2026-10-01 16:46:30,C0016,P1025,S004,West,Store,1,599,20,UPI,479.2,DELIVERED
SE00330,O00330,2026-10-01 16:48:11,C0067,P1003,S001,North,Store,5,2999,0,Card,14995.0,PLACED
SE00331,O00331,2026-10-01 16:49:05,C0085,P1004,S001,North,Mobile App,4,1499,0,NetBanking,5996.0,SHIPPED
SE00332,O00332,2026-10-01 16:50:42,C0128,P1001,S007,South,Online,2,2499,0,Card,4998.0,PACKED
SE00333,O00333,2026-10-01 16:52:24,C0072,P1015,S003,East,Online,1,999,10,Wallet,899.1,SHIPPED
SE00334,O00334,2026-10-01 16:53:34,C0106,P1018,S008,East,Online,1,599,0,NetBanking,599.0,CONFIRMED
SE00335,O00335,2026-10-01 16:55:25,C0135,P1008,S011,North,Online,5,1799,10,NetBanking,8095.5,PACKED
SE00336,O00336,2026-10-01 16:56:32,C0123,P1018,S008,East,Store,1,599,10,NetBanking,539.1,PACKED
SE00337,O00337,2026-10-01 16:58:14,C0047,P1001,S006,North,Store,2,2499,0,UPI,4998.0,SHIPPED
SE00338,O00338,2026-10-01 16:58:56,C0136,P1012,S010,Central,Online,5,1499,0,Card,7495.0,PACKED
SE00339,O00339,2026-10-01 17:00:51,C0137,P1024,S001,North,Store,3,799,0,Wallet,2397.0,CONFIRMED
SE00340,O00340,2026-10-01 17:02:24,C0046,P1008,S010,Central,Store,1,1799,15,COD,1529.15,PLACED
SE00341,O00341,2026-10-01 17:03:36,C0091,P1019,S010,Central,Mobile App,1,549,0,Wallet,549.0,CONFIRMED
SE00342,O00342,2026-10-01 17:04:44,C0126,P1002,S002,South,Online,1,3999,10,COD,3599.1,SHIPPED
SE00343,O00343,2026-10-01 17:06:16,C0001,P1011,S010,Central,Mobile App,1,3299,0,Card,3299.0,PACKED
SE00344,O00344,2026-10-01 17:08:09,C0016,P1001,S003,East,Online,2,2499,0,COD,4998.0,PACKED
SE00345,O00345,2026-10-01 17:09:22,C0019,P1012,S012,South,Online,4,1499,5,Wallet,5696.2,PACKED
SE00346,O00346,2026-10-01 17:11:00,C0083,P1005,S003,East,Mobile App,2,999,5,NetBanking,1898.1,PACKED
SE00347,O00347,2026-10-01 17:12:25,C0045,P1023,S009,West,Store,2,399,10,Card,718.2,DELIVERED
SE00348,O00348,2026-10-01 17:13:08,C0045,P1013,S005,Central,Online,2,2299,0,UPI,4598.0,DELIVERED
SE00349,O00349,2026-10-01 17:14:45,C0101,P1025,S010,Central,Mobile App,1,599,10,Card,539.1,DELIVERED
SE00350,O00350,2026-10-01 17:16:05,C0027,P1016,S003,East,Store,1,899,0,Wallet,899.0,CONFIRMED
SE00351,O00351,2026-10-01 17:17:43,C0023,P1023,S011,North,Online,2,399,0,Wallet,798.0,CONFIRMED
SE00352,O00352,2026-10-01 17:18:46,C0064,P1023,S002,South,Mobile App,1,399,20,UPI,319.2,PLACED
SE00353,O00353,2026-10-01 17:20:31,C0099,P1015,S012,South,Store,1,999,0,NetBanking,999.0,PACKED
SE00354,O00354,2026-10-01 17:22:06,C0140,P1013,S002,South,Mobile App,3,2299,20,Card,5517.6,CONFIRMED
SE00355,O00355,2026-10-01 17:23:11,C0116,P1003,S001,North,Online,1,2999,0,UPI,2999.0,PACKED
SE00356,O00356,2026-10-01 17:24:25,C0044,P1013,S003,East,Store,2,2299,10,COD,4138.2,DELIVERED
SE00357,O00357,2026-10-01 17:25:55,C0124,P1023,S001,North,Mobile App,1,399,15,NetBanking,339.15,CONFIRMED
SE00358,O00358,2026-10-01 17:27:36,C0014,P1004,S006,North,Mobile App,1,1499,0,COD,1499.0,DELIVERED
SE00359,O00359,2026-10-01 17:28:38,C0068,P1022,S005,Central,Store,1,349,0,COD,349.0,DELIVERED
SE00360,O00360,2026-10-01 17:30:05,C0126,P1005,S001,North,Store,1,999,5,COD,949.05,SHIPPED
SE00361,O00361,2026-10-01 17:31:43,C0052,P1004,S001,North,Online,1,1499,15,NetBanking,1274.15,PLACED
SE00362,O00362,2026-10-01 17:33:06,C0079,P1013,S008,East,Online,2,2299,15,COD,3908.3,SHIPPED
SE00363,O00363,2026-10-01 17:34:17,C0048,P1012,S007,South,Store,1,1499,5,NetBanking,1424.05,SHIPPED
SE00364,O00364,2026-10-01 17:36:28,C0068,P1008,S005,Central,Mobile App,2,1799,0,UPI,3598.0,PLACED
SE00365,O00365,2026-10-01 17:37:19,C0089,P1018,S007,South,Mobile App,5,599,10,UPI,2695.5,SHIPPED
SE00366,O00366,2026-10-01 17:39:06,C0134,P1014,S009,West,Online,2,1999,5,NetBanking,3798.1,PACKED
SE00367,O00367,2026-10-01 17:40:28,C0021,P1013,S012,South,Mobile App,1,2299,10,COD,2069.1,CONFIRMED
SE00368,O00368,2026-10-01 17:41:33,C0031,P1025,S008,East,Online,1,599,0,Card,599.0,PLACED
SE00369,O00369,2026-10-01 17:43:25,C0109,P1003,S011,North,Online,1,2999,20,COD,2399.2,PACKED
SE00370,O00370,2026-10-01 17:44:35,C0082,P1024,S002,South,Mobile App,1,799,10,Wallet,719.1,PACKED
SE00371,O00371,2026-10-01 17:46:12,C0134,P1015,S001,North,Mobile App,3,999,10,NetBanking,2697.3,PLACED
SE00372,O00372,2026-10-01 17:47:48,C0107,P1005,S003,East,Online,2,999,10,UPI,1798.2,DELIVERED
SE00373,O00373,2026-10-01 17:48:41,C0026,P1010,S009,West,Store,3,899,5,NetBanking,2562.15,DELIVERED
SE00374,O00374,2026-10-01 17:50:29,C0122,P1002,S003,East,Mobile App,1,3999,0,NetBanking,3999.0,PLACED
SE00375,O00375,2026-10-01 17:51:45,C0102,P1011,S012,South,Store,1,3299,15,Wallet,2804.15,PLACED
SE00376,O00376,2026-10-01 17:53:24,C0087,P1010,S005,Central,Mobile App,1,899,5,UPI,854.05,CONFIRMED
SE00377,O00377,2026-10-01 17:54:25,C0035,P1010,S012,South,Store,1,899,20,NetBanking,719.2,DELIVERED
SE00378,O00378,2026-10-01 17:55:56,C0023,P1007,S008,East,Mobile App,1,4499,20,NetBanking,3599.2,DELIVERED
SE00379,O00379,2026-10-01 17:57:14,C0096,P1002,S009,West,Mobile App,3,3999,0,COD,11997.0,SHIPPED
SE00380,O00380,2026-10-01 17:58:31,C0035,P1025,S009,West,Online,3,599,0,Card,1797.0,PLACED
SE00381,O00381,2026-10-01 18:00:30,C0064,P1002,S008,East,Online,1,3999,0,Wallet,3999.0,PACKED
SE00382,O00382,2026-10-01 18:01:53,C0119,P1017,S007,South,Online,2,699,0,Card,1398.0,PACKED
SE00383,O00383,2026-10-01 18:03:05,C0126,P1020,S008,East,Mobile App,1,2499,20,COD,1999.2,PACKED
SE00384,O00384,2026-10-01 18:04:05,C0089,P1006,S005,Central,Store,2,5499,15,UPI,9348.3,SHIPPED
SE00385,O00385,2026-10-01 18:05:39,C0013,P1006,S010,Central,Mobile App,3,5499,0,Card,16497.0,CONFIRMED
SE00386,O00386,2026-10-01 18:07:39,C0069,P1021,S007,South,Mobile App,2,449,20,UPI,718.4,SHIPPED
SE00387,O00387,2026-10-01 18:08:29,C0034,P1021,S003,East,Store,2,449,0,COD,898.0,PACKED
SE00388,O00388,2026-10-01 18:09:56,C0071,P1014,S007,South,Online,3,1999,5,NetBanking,5697.15,PACKED
SE00389,O00389,2026-10-01 18:11:37,C0134,P1020,S007,South,Mobile App,2,2499,0,Wallet,4998.0,DELIVERED
SE00390,O00390,2026-10-01 18:12:51,C0073,P1010,S011,North,Store,1,899,0,Wallet,899.0,PACKED
SE00391,O00391,2026-10-01 18:14:14,C0067,P1021,S012,South,Online,4,449,15,Card,1526.6,DELIVERED
SE00392,O00392,2026-10-01 18:16:03,C0062,P1002,S010,Central,Online,1,3999,0,UPI,3999.0,SHIPPED
SE00393,O00393,2026-10-01 18:16:47,C0076,P1009,S007,South,Mobile App,1,6999,15,COD,5949.15,CONFIRMED
SE00394,O00394,2026-10-01 18:18:50,C0088,P1024,S012,South,Store,1,799,10,Wallet,719.1,DELIVERED
SE00395,O00395,2026-10-01 18:19:53,C0077,P1006,S011,North,Online,3,5499,0,NetBanking,16497.0,CONFIRMED
SE00396,O00396,2026-10-01 18:21:43,C0067,P1024,S009,West,Store,3,799,0,UPI,2397.0,CONFIRMED
SE00397,O00397,2026-10-01 18:23:15,C0091,P1008,S012,South,Store,3,1799,5,Wallet,5127.15,PACKED
SE00398,O00398,2026-10-01 18:23:53,C0150,P1010,S008,East,Mobile App,3,899,5,COD,2562.15,DELIVERED
SE00399,O00399,2026-10-01 18:25:58,C0019,P1016,S004,West,Store,2,899,20,COD,1438.4,PACKED
SE00400,O00400,2026-10-01 18:27:01,C0106,P1002,S003,East,Store,1,3999,0,COD,3999.0,SHIPPED
SE00401,O00401,2026-10-01 18:28:36,C0037,P1011,S012,South,Store,1,3299,0,Card,3299.0,PACKED
SE00402,O00402,2026-10-01 18:30:19,C0015,P1001,S008,East,Online,1,2499,20,COD,1999.2,CONFIRMED
SE00403,O00403,2026-10-01 18:31:35,C0126,P1025,S002,South,Store,1,599,5,NetBanking,569.05,SHIPPED
SE00404,O00404,2026-10-01 18:33:06,C0123,P1013,S001,North,Store,1,2299,0,UPI,2299.0,PACKED
SE00405,O00405,2026-10-01 18:34:31,C0136,P1007,S001,North,Online,2,4499,15,Card,7648.3,PACKED
SE00406,O00406,2026-10-01 18:35:29,C0080,P1005,S002,South,Online,1,999,10,UPI,899.1,PLACED
SE00407,O00407,2026-10-01 18:37:08,C0077,P1010,S008,East,Store,2,899,10,NetBanking,1618.2,CONFIRMED
SE00408,O00408,2026-10-01 18:38:25,C0088,P1016,S006,North,Online,2,899,0,Card,1798.0,CONFIRMED
SE00409,O00409,2026-10-01 18:39:35,C0034,P1007,S012,South,Online,1,4499,10,Wallet,4049.1,PLACED
SE00410,O00410,2026-10-01 18:40:53,C0097,P1021,S005,Central,Mobile App,3,449,10,UPI,1212.3,PLACED
SE00411,O00411,2026-10-01 18:42:39,C0006,P1002,S012,South,Online,1,3999,5,COD,3799.05,PACKED
SE00412,O00412,2026-10-01 18:44:20,C0122,P1023,S003,East,Online,1,399,15,Wallet,339.15,SHIPPED
SE00413,O00413,2026-10-01 18:45:49,C0026,P1022,S009,West,Online,1,349,10,NetBanking,314.1,PLACED
SE00414,O00414,2026-10-01 18:47:20,C0131,P1024,S010,Central,Online,1,799,0,NetBanking,799.0,CONFIRMED
SE00415,O00415,2026-10-01 18:48:17,C0052,P1025,S005,Central,Mobile App,3,599,0,NetBanking,1797.0,PACKED
SE00416,O00416,2026-10-01 18:50:04,C0042,P1002,S009,West,Store,2,3999,0,Wallet,7998.0,CONFIRMED
SE00417,O00417,2026-10-01 18:51:21,C0001,P1001,S011,North,Mobile App,1,2499,0,NetBanking,2499.0,CONFIRMED
SE00418,O00418,2026-10-01 18:52:16,C0024,P1025,S009,West,Store,1,599,15,Card,509.15,SHIPPED
SE00419,O00419,2026-10-01 18:53:46,C0076,P1009,S008,East,Online,1,6999,20,Wallet,5599.2,PACKED
SE00420,O00420,2026-10-01 18:55:48,C0081,P1014,S012,South,Online,1,1999,20,UPI,1599.2,CONFIRMED
SE00421,O00421,2026-10-01 18:56:42,C0044,P1011,S006,North,Mobile App,3,3299,10,UPI,8907.3,PACKED
SE00422,O00422,2026-10-01 18:58:07,C0088,P1006,S002,South,Store,1,5499,5,NetBanking,5224.05,SHIPPED
SE00423,O00423,2026-10-01 18:59:25,C0043,P1004,S003,East,Online,2,1499,0,NetBanking,2998.0,DELIVERED
SE00424,O00424,2026-10-01 19:01:04,C0124,P1019,S011,North,Store,1,549,10,COD,494.1,PLACED
SE00425,O00425,2026-10-01 19:02:33,C0034,P1016,S008,East,Online,1,899,5,UPI,854.05,PACKED
SE00426,O00426,2026-10-01 19:04:19,C0081,P1001,S012,South,Mobile App,3,2499,10,COD,6747.3,DELIVERED
SE00427,O00427,2026-10-01 19:05:39,C0058,P1022,S006,North,Mobile App,2,349,15,UPI,593.3,SHIPPED
SE00428,O00428,2026-10-01 19:06:44,C0064,P1016,S006,North,Online,2,899,15,COD,1528.3,DELIVERED
SE00429,O00429,2026-10-01 19:08:15,C0014,P1001,S011,North,Store,4,2499,10,Card,8996.4,PLACED
SE00430,O00430,2026-10-01 19:09:13,C0126,P1011,S004,West,Mobile App,1,3299,0,Card,3299.0,DELIVERED
SE00431,O00431,2026-10-01 19:11:11,C0097,P1013,S004,West,Store,1,2299,5,UPI,2184.05,SHIPPED
SE00432,O00432,2026-10-01 19:12:41,C0115,P1011,S002,South,Online,5,3299,15,UPI,14020.75,SHIPPED
SE00433,O00433,2026-10-01 19:13:30,C0106,P1002,S009,West,Mobile App,2,3999,20,COD,6398.4,PACKED
SE00434,O00434,2026-10-01 19:15:11,C0131,P1018,S004,West,Store,2,599,5,UPI,1138.1,CONFIRMED
SE00435,O00435,2026-10-01 19:16:45,C0117,P1011,S009,West,Mobile App,3,3299,10,Wallet,8907.3,SHIPPED
SE00436,O00436,2026-10-01 19:18:02,C0030,P1004,S011,North,Mobile App,1,1499,0,Wallet,1499.0,DELIVERED
SE00437,O00437,2026-10-01 19:19:36,C0134,P1012,S012,South,Online,1,1499,0,NetBanking,1499.0,PLACED
SE00438,O00438,2026-10-01 19:20:55,C0066,P1020,S004,West,Online,1,2499,20,NetBanking,1999.2,CONFIRMED
SE00439,O00439,2026-10-01 19:22:38,C0087,P1004,S007,South,Mobile App,1,1499,15,UPI,1274.15,SHIPPED
SE00440,O00440,2026-10-01 19:23:51,C0118,P1022,S010,Central,Online,4,349,0,COD,1396.0,PLACED
SE00441,O00441,2026-10-01 19:25:34,C0142,P1014,S010,Central,Online,2,1999,10,COD,3598.2,CONFIRMED
SE00442,O00442,2026-10-01 19:26:30,C0033,P1004,S007,South,Mobile App,2,1499,10,NetBanking,2698.2,SHIPPED
SE00443,O00443,2026-10-01 19:28:03,C0064,P1009,S007,South,Online,4,6999,0,Card,27996.0,SHIPPED
SE00444,O00444,2026-10-01 19:29:45,C0132,P1010,S012,South,Mobile App,2,899,0,COD,1798.0,CONFIRMED
SE00445,O00445,2026-10-01 19:30:47,C0052,P1007,S010,Central,Mobile App,2,4499,15,Card,7648.3,CONFIRMED
SE00446,O00446,2026-10-01 19:31:57,C0129,P1018,S012,South,Store,2,599,15,COD,1018.3,SHIPPED
SE00447,O00447,2026-10-01 19:34:02,C0150,P1019,S011,North,Mobile App,2,549,15,Wallet,933.3,SHIPPED
SE00448,O00448,2026-10-01 19:34:43,C0004,P1017,S002,South,Mobile App,1,699,0,UPI,699.0,CONFIRMED
SE00449,O00449,2026-10-01 19:36:21,C0069,P1025,S003,East,Online,5,599,15,UPI,2545.75,PACKED
SE00450,O00450,2026-10-01 19:37:58,C0053,P1025,S009,West,Online,1,599,20,COD,479.2,DELIVERED
SE00451,O00451,2026-10-01 19:39:27,C0058,P1024,S011,North,Mobile App,2,799,0,Wallet,1598.0,PLACED
SE00452,O00452,2026-10-01 19:40:40,C0098,P1013,S007,South,Mobile App,4,2299,15,UPI,7816.6,PLACED
SE00453,O00453,2026-10-01 19:42:13,C0065,P1007,S010,Central,Online,3,4499,20,Wallet,10797.6,DELIVERED
SE00454,O00454,2026-10-01 19:43:22,C0140,P1024,S010,Central,Store,1,799,15,NetBanking,679.15,CONFIRMED
SE00455,O00455,2026-10-01 19:44:59,C0020,P1006,S003,East,Online,2,5499,0,NetBanking,10998.0,PACKED
SE00456,O00456,2026-10-01 19:46:16,C0143,P1009,S003,East,Online,1,6999,20,Wallet,5599.2,SHIPPED
SE00457,O00457,2026-10-01 19:47:28,C0040,P1002,S003,East,Mobile App,4,3999,10,COD,14396.4,PACKED
SE00458,O00458,2026-10-01 19:49:35,C0126,P1019,S009,West,Store,1,549,20,COD,439.2,CONFIRMED
SE00459,O00459,2026-10-01 19:50:41,C0048,P1017,S002,South,Mobile App,3,699,0,COD,2097.0,SHIPPED
SE00460,O00460,2026-10-01 19:52:01,C0024,P1012,S004,West,Store,3,1499,15,Wallet,3822.45,PACKED
SE00461,O00461,2026-10-01 19:53:53,C0056,P1025,S010,Central,Mobile App,2,599,10,UPI,1078.2,PLACED
SE00462,O00462,2026-10-01 19:55:09,C0089,P1015,S004,West,Online,4,999,10,UPI,3596.4,PACKED
SE00463,O00463,2026-10-01 19:56:13,C0098,P1004,S007,South,Online,1,1499,15,COD,1274.15,PACKED
SE00464,O00464,2026-10-01 19:58:01,C0132,P1017,S008,East,Online,2,699,0,Wallet,1398.0,DELIVERED
SE00465,O00465,2026-10-01 19:59:19,C0022,P1004,S003,East,Mobile App,5,1499,20,UPI,5996.0,PLACED
SE00466,O00466,2026-10-01 20:00:53,C0054,P1022,S011,North,Store,3,349,20,UPI,837.6,CONFIRMED
SE00467,O00467,2026-10-01 20:01:39,C0138,P1023,S012,South,Mobile App,3,399,15,Card,1017.45,PLACED
SE00468,O00468,2026-10-01 20:03:03,C0118,P1023,S006,North,Online,1,399,0,Wallet,399.0,DELIVERED
SE00469,O00469,2026-10-01 20:04:49,C0019,P1019,S004,West,Store,4,549,5,NetBanking,2086.2,SHIPPED
SE00470,O00470,2026-10-01 20:05:50,C0081,P1001,S007,South,Mobile App,2,2499,10,COD,4498.2,PLACED
SE00471,O00471,2026-10-01 20:07:47,C0150,P1002,S012,South,Online,3,3999,0,Wallet,11997.0,PACKED
SE00472,O00472,2026-10-01 20:09:22,C0023,P1010,S008,East,Online,1,899,20,NetBanking,719.2,CONFIRMED
SE00473,O00473,2026-10-01 20:10:39,C0137,P1008,S003,East,Store,2,1799,20,Card,2878.4,PACKED
SE00474,O00474,2026-10-01 20:11:37,C0096,P1001,S009,West,Online,3,2499,0,UPI,7497.0,DELIVERED
SE00475,O00475,2026-10-01 20:13:08,C0101,P1018,S009,West,Mobile App,4,599,0,Wallet,2396.0,CONFIRMED
SE00476,O00476,2026-10-01 20:14:34,C0106,P1021,S009,West,Mobile App,1,449,0,Wallet,449.0,CONFIRMED
SE00477,O00477,2026-10-01 20:15:48,C0030,P1006,S011,North,Mobile App,3,5499,20,NetBanking,13197.6,DELIVERED
SE00478,O00478,2026-10-01 20:17:22,C0019,P1010,S011,North,Mobile App,1,899,0,COD,899.0,SHIPPED
SE00479,O00479,2026-10-01 20:18:41,C0085,P1012,S003,East,Store,2,1499,0,COD,2998.0,PLACED
SE00480,O00480,2026-10-01 20:20:42,C0050,P1011,S008,East,Store,1,3299,10,COD,2969.1,CONFIRMED
SE00481,O00481,2026-10-01 20:21:35,C0145,P1019,S006,North,Online,3,549,5,Wallet,1564.65,CONFIRMED
SE00482,O00482,2026-10-01 20:23:13,C0057,P1023,S012,South,Online,2,399,0,Wallet,798.0,SHIPPED
SE00483,O00483,2026-10-01 20:24:50,C0119,P1015,S006,North,Online,3,999,5,Card,2847.15,DELIVERED
SE00484,O00484,2026-10-01 20:25:56,C0021,P1009,S003,East,Mobile App,3,6999,0,UPI,20997.0,PLACED
SE00485,O00485,2026-10-01 20:27:42,C0005,P1017,S011,North,Store,1,699,10,COD,629.1,CONFIRMED
SE00486,O00486,2026-10-01 20:29:00,C0010,P1018,S005,Central,Mobile App,2,599,10,Card,1078.2,PACKED
SE00487,O00487,2026-10-01 20:30:03,C0101,P1008,S010,Central,Store,2,1799,0,COD,3598.0,DELIVERED
SE00488,O00488,2026-10-01 20:31:35,C0024,P1013,S006,North,Mobile App,2,2299,15,Card,3908.3,DELIVERED
SE00489,O00489,2026-10-01 20:33:27,C0036,P1015,S003,East,Online,1,999,10,NetBanking,899.1,PACKED
SE00490,O00490,2026-10-01 20:34:33,C0011,P1008,S008,East,Online,1,1799,0,UPI,1799.0,CONFIRMED
SE00491,O00491,2026-10-01 20:35:37,C0133,P1012,S007,South,Online,1,1499,5,Wallet,1424.05,PLACED
SE00492,O00492,2026-10-01 20:37:37,C0134,P1021,S005,Central,Mobile App,3,449,0,COD,1347.0,CONFIRMED
SE00493,O00493,2026-10-01 20:38:29,C0097,P1021,S007,South,Mobile App,1,449,15,Wallet,381.65,SHIPPED
SE00494,O00494,2026-10-01 20:40:12,C0058,P1017,S007,South,Store,1,699,20,NetBanking,559.2,DELIVERED
SE00495,O00495,2026-10-01 20:41:19,C0002,P1017,S003,East,Mobile App,1,699,0,Wallet,699.0,CONFIRMED
SE00496,O00496,2026-10-01 20:42:47,C0039,P1006,S003,East,Mobile App,1,5499,15,Card,4674.15,SHIPPED
SE00497,O00497,2026-10-01 20:44:35,C0085,P1024,S002,South,Online,2,799,5,COD,1518.1,CONFIRMED
SE00498,O00498,2026-10-01 20:46:07,C0106,P1001,S004,West,Online,1,2499,10,Card,2249.1,DELIVERED
SE00499,O00499,2026-10-01 20:47:06,C0011,P1019,S003,East,Mobile App,1,549,0,NetBanking,549.0,DELIVERED
SE00500,O00500,2026-10-01 20:49:02,C0145,P1021,S001,North,Store,3,449,15,UPI,1144.95,CONFIRMED
